M843SO486;GMC;942499;2011;Liquified Petroleum Gas
E089QT468;Nissan;793038;2012;Diesel
F376KE284;Chevrolet;680111;2014;Ethanol
D408ZV852;Honda;442458;2014;Compressed Natural Gas
S489VV714;Ford;778681;2004;Gasoline
Y152LU973;Hyundai;551687;2010;Biodiesel
G866PW360;Saturn;967696;2019;Liquified Petroleum Gas
W695TL010;Buick;664270;2018;Biodiesel
S492RA838;MAZDA;507585;2009;Gasoline
J030WE435;GMC;179679;2004;Ethanol
U351SN907;GMC;270739;2019;Hydrogen
G839QX157;Mitsubishi;364325;2019;Compressed Natural Gas
M002XG094;Saturn;146332;2005;Liquified Petroleum Gas
S675JK648;Mercury;404408;2013;Liquified Petroleum Gas
P099AC316;Dodge;965944;2000;Compressed Natural Gas
Z978WU954;Cadillac;633547;2001;Hydrogen
Z362XD817;BMW;782397;2000;Liquified Petroleum Gas
X081RN275;Ford;552457;2016;Liquified Petroleum Gas
T008IE877;Dodge;974899;2014;Hydrogen
X379HQ212;Mercedes-Benz;111566;2009;Gasoline
W710PK194;Mercedes-Benz;193530;2016;Liquified Petroleum Gas
H013TD310;Chevrolet;30129;2015;Compressed Natural Gas
L410QO942;Toyota;959563;2006;Gasoline
C542GL878;Chevrolet;958149;2016;Compressed Natural Gas
U795GQ844;Ford;624623;2014;Liquified Petroleum Gas
S955KR036;Jeep;636525;2013;Diesel
R413KD942;Chrysler;360199;2016;Gasoline
G614RA894;Ford;24182;2003;Gasoline
Y373UU286;Nissan;351573;2015;Liquified Petroleum Gas
Y766AY624;Volvo;325350;2019;Diesel
A293UZ118;Mitsubishi;95649;2008;Biodiesel
Z860JV268;Toyota;276945;2005;Ethanol
O913RY361;Toyota;897383;2015;Ethanol
W512DX564;Ford;303959;2016;Gasoline
V158TH667;Lincoln;765180;2007;Liquified Petroleum Gas
T741BE432;MAZDA;905028;2019;Compressed Natural Gas
N352LW333;Cadillac;580255;2007;Hydrogen
A427RY881;BMW;210116;2009;Diesel
X436WA872;GMC;89618;2005;Diesel
D175SF965;Jeep;347839;2003;Compressed Natural Gas
I377QD105;BMW;763402;2010;Biodiesel
D703KS620;Mercedes-Benz;625004;2009;Gasoline
P639WW095;Bentley;908185;2012;Diesel
Q643AO798;Volvo;126357;2007;Compressed Natural Gas
T089YS203;Maserati;10466;2012;Gasoline
C324RD892;Chrysler;478193;2009;Biodiesel
X830TS185;GMC;86712;2008;Biodiesel
A306PX140;Scion;278875;2006;Hydrogen
D338GC914;Ford;866895;2015;Ethanol
J539JU812;Cadillac;606531;2011;Gasoline
L109OM099;Chevrolet;234792;2008;Liquified Petroleum Gas
T070XL467;Tesla;330372;2005;Liquified Petroleum Gas
B052BA176;GMC;302648;2015;Hydrogen
I763YY799;BMW;545476;2002;Gasoline
Y269LG750;Aston Martin;245998;2010;Liquified Petroleum Gas
R067OF546;Volvo;762518;2008;Liquified Petroleum Gas
P811XR787;Volvo;991033;2016;Biodiesel
U027YN943;Nissan;598522;2002;Liquified Petroleum Gas
B215UE069;Volvo;420608;2004;Diesel
T707TT967;Lexus;612127;2016;Diesel
F274XR511;Kia;861327;2006;Ethanol
D095OG479;GMC;747389;2001;Ethanol
K379QF888;BMW;308029;2001;Gasoline
O560IK751;Subaru;814087;2019;Hydrogen
R812RL833;Nissan;71702;2018;Compressed Natural Gas
V641WN148;Mercedes-Benz;378511;2017;Ethanol
J521BD304;Toyota;52172;2010;Compressed Natural Gas
Z094XW518;Chevrolet;963593;2006;Liquified Petroleum Gas
Y682KQ561;Nissan;53141;2002;Gasoline
G027QH485;Subaru;608086;2007;Gasoline
Q656FY072;BMW;439652;2006;Hydrogen
U481IO493;Nissan;249503;2011;Hydrogen
O088NY704;BMW;697531;2001;Compressed Natural Gas
G346WL780;Jaguar;476075;2014;Biodiesel
W426CO256;MAZDA;664307;2004;Ethanol
G082KJ673;Chrysler;742558;2006;Gasoline
B137XH939;GMC;817234;2009;Gasoline
Z253LE981;Toyota;510149;2019;Diesel
M842IX553;Dodge;553368;2013;Liquified Petroleum Gas
Y583SR761;Ford;204332;2012;Compressed Natural Gas
W926XF361;Jeep;997185;2009;Ethanol
U733ZR006;Nissan;822609;2014;Gasoline
G352LO013;Buick;13457;2010;Liquified Petroleum Gas
W535JK552;Scion;173718;2016;Diesel
W951FR052;Lincoln;650395;2013;Gasoline
H043RN325;Mercedes-Benz;777355;2009;Hydrogen
C278WZ072;Ford;242594;2019;Liquified Petroleum Gas
O648HO359;Dodge;726421;2018;Ethanol
H523BH357;Cadillac;242925;2017;Hydrogen
A002FF340;Lexus;168964;2003;Biodiesel
D531JV326;Chevrolet;674818;2015;Ethanol
D486PO236;Chevrolet;192158;2005;Compressed Natural Gas
L955VO506;GMC;7126;2016;Diesel
M527EK017;Mitsubishi;422115;2009;Ethanol
O838MT384;Dodge;813985;2014;Hydrogen
I240UA307;Lexus;79424;2013;Compressed Natural Gas
U691AT502;Chrysler;707150;2002;Gasoline
T609ZU649;Chevrolet;636457;2000;Liquified Petroleum Gas
U042VF752;Chevrolet;872847;2007;Diesel
K908EO083;Mercedes-Benz;861653;2015;Liquified Petroleum Gas
Z602NQ009;GMC;71267;2002;Hydrogen
L770IJ194;Dodge;401784;2007;Gasoline
I309WP776;Ford;271840;2004;Hydrogen
R942DF886;Audi;132286;2016;Compressed Natural Gas
G486GS631;Lexus;190773;2009;Diesel
A147BB763;Lincoln;390466;2001;Biodiesel
T880QM683;Chrysler;990570;2003;Diesel
Z697JB885;Suzuki;619639;2017;Biodiesel
P931IY937;Lexus;582869;2013;Diesel
X032EE662;Toyota;942309;2014;Gasoline
B553RG510;Dodge;876457;2018;Biodiesel
A122XH646;MAZDA;413092;2019;Gasoline
O543XU168;Porsche;369862;2014;Gasoline
M256LZ362;Dodge;637793;2008;Liquified Petroleum Gas
P482XC016;GMC;44838;2011;Liquified Petroleum Gas
S946VF355;Hyundai;877246;2003;Diesel
B427LX429;Audi;686223;2019;Biodiesel
F559KT212;Mitsubishi;524792;2013;Gasoline
G410WV499;Suzuki;205874;2019;Compressed Natural Gas
X967UK317;Ford;505997;2002;Diesel
K351QE012;Mercedes-Benz;962984;2013;Ethanol
U532MO932;Mercedes-Benz;768117;2008;Ethanol
E974FL065;Audi;242019;2014;Gasoline
K528JW599;MAZDA;763700;2013;Gasoline
I941JJ735;Chevrolet;597889;2007;Diesel
G718EV805;Chevrolet;584333;2008;Biodiesel
N980QB572;Volvo;450264;2016;Compressed Natural Gas
P832YC356;Subaru;666758;2012;Compressed Natural Gas
L060SC070;GMC;807935;2010;Gasoline
D168SE235;Jeep;816258;2010;Compressed Natural Gas
D819TZ832;Mitsubishi;901822;2016;Biodiesel
D336KG039;Subaru;843037;2000;Ethanol
H643LH547;Toyota;428698;2011;Gasoline
M680AQ152;Mercedes-Benz;568739;2009;Ethanol
P023VV485;Mercury;11715;2006;Diesel
K253GY487;Chevrolet;457302;2000;Hydrogen
X889RX375;Mercedes-Benz;540137;2019;Gasoline
F491CR540;Ram;895242;2017;Liquified Petroleum Gas
L317LH417;Mercedes-Benz;880960;2008;Hydrogen
M225BH871;Hyundai;493994;2008;Liquified Petroleum Gas
Z313QM819;Ferrari;777374;2003;Diesel
Q870UH057;Land Rover;379776;2019;Liquified Petroleum Gas
K145VL681;Audi;17853;2012;Biodiesel
H485HK769;Pontiac;146599;2005;Gasoline
I548DN692;Volvo;814053;2008;Liquified Petroleum Gas
V842GT752;GMC;969974;2014;Ethanol
G320XF392;Scion;205267;2007;Ethanol
P084NE254;Isuzu;362756;2003;Diesel
K282GB562;Ford;3023;2002;Liquified Petroleum Gas
D881BY988;Toyota;263364;2014;Ethanol
V369TL180;Maserati;796227;2018;Ethanol
V179FO082;GMC;621202;2006;Liquified Petroleum Gas
E254XA616;Suzuki;50745;2003;Ethanol
L785HR247;Isuzu;870821;2012;Compressed Natural Gas
G637AI102;Chevrolet;551271;2003;Compressed Natural Gas
C505YI329;Volkswagen;427984;2015;Diesel
N042TC075;Ford;41477;2011;Compressed Natural Gas
R507HL247;Jeep;345880;2012;Diesel
M368IV804;Chevrolet;450421;2003;Gasoline
F251UN293;Lexus;49589;2015;Ethanol
D620FM758;Volkswagen;180653;2011;Liquified Petroleum Gas
P793RX660;Dodge;472529;2016;Liquified Petroleum Gas
T251XE752;Chrysler;395540;2005;Ethanol
S564HP398;Ram;474396;2018;Diesel
L877JD728;Land Rover;278836;2003;Ethanol
U200QP904;Chevrolet;340571;2017;Ethanol
Q275TA366;Mercedes-Benz;78018;2009;Hydrogen
U874PO565;Pontiac;73581;2014;Compressed Natural Gas
E007SM506;Jaguar;690770;2010;Compressed Natural Gas
K715LW140;Jaguar;609516;2000;Liquified Petroleum Gas
U339PQ443;Land Rover;840787;2001;Diesel
S581LY977;MAZDA;790551;2012;Hydrogen
W136RE048;Mercedes-Benz;701375;2005;Gasoline
K102YJ507;Suzuki;803759;2016;Liquified Petroleum Gas
O062OQ304;Freightliner;684961;2002;Hydrogen
O815HH479;Dodge;475651;2010;Liquified Petroleum Gas
T873IF834;GMC;484063;2014;Diesel
L320KZ357;Mitsubishi;620343;2008;Liquified Petroleum Gas
I889QI945;Honda;60471;2019;Diesel
F039AK467;Mercedes-Benz;469382;2014;Hydrogen
J091FD652;Honda;509646;2018;Ethanol
X877JZ361;Ferrari;30607;2014;Hydrogen
N474LY482;Cadillac;935227;2014;Hydrogen
B745CN008;Acura;351998;2012;Ethanol
C289DI017;Bentley;81963;2010;Hydrogen
Q706FS416;Dodge;9672;2001;Compressed Natural Gas
Z874SH409;Chevrolet;53500;2017;Gasoline
K792LE294;GMC;425220;2007;Ethanol
S276QA356;GMC;581120;2017;Ethanol
J452RT313;Ram;319688;2007;Compressed Natural Gas
I653BM395;Chevrolet;926396;2017;Hydrogen
W760XV550;Nissan;415547;2010;Liquified Petroleum Gas
N577DI446;Mercedes-Benz;523440;2013;Gasoline
B067AQ375;Lexus;895970;2006;Hydrogen
N780IV504;Saab;895050;2003;Compressed Natural Gas
J587ZM617;Mercedes-Benz;830194;2014;Hydrogen
D035HF121;Volkswagen;208206;2016;Compressed Natural Gas
L535EC977;GMC;879648;2004;Compressed Natural Gas
Q104TP124;Dodge;140916;2013;Ethanol
D183RO158;MAZDA;656974;2010;Liquified Petroleum Gas
X365VH420;Aston Martin;195434;2018;Compressed Natural Gas
P123ER759;Porsche;845193;2015;Biodiesel
Q347NF710;FIAT;862538;2014;Compressed Natural Gas
R807OP138;Subaru;215430;2005;Liquified Petroleum Gas
B301MI604;Cadillac;493136;2017;Compressed Natural Gas
F969PK704;Freightliner;11324;2003;Biodiesel
G645IK840;GMC;189360;2016;Biodiesel
S362LZ121;Mercury;272447;2009;Ethanol
B127IH517;FIAT;880331;2017;Compressed Natural Gas
H656FK837;Chevrolet;391221;2002;Ethanol
H064QU552;Chevrolet;18517;2015;Compressed Natural Gas
I602TG998;INFINITI;632369;2018;Ethanol
N809FD121;Jeep;475952;2012;Compressed Natural Gas
H236NG845;Land Rover;587062;2018;Gasoline
X420DN657;Land Rover;941760;2006;Hydrogen
F285ND537;Chevrolet;815285;2017;Gasoline
I784IH810;INFINITI;347959;2002;Diesel
E304WE733;Toyota;387617;2002;Diesel
Q367PL704;Honda;324154;2011;Liquified Petroleum Gas
W961HH123;Mercedes-Benz;169360;2001;Ethanol
M897DR737;Mercury;960758;2019;Hydrogen
U706VD497;Porsche;181022;2011;Biodiesel
Y738AO090;Chevrolet;735710;2014;Biodiesel
E880YR144;Land Rover;211774;2002;Liquified Petroleum Gas
P989YT622;Chevrolet;172372;2006;Liquified Petroleum Gas
J748BV685;Saab;599588;2007;Gasoline
Y180YL818;Volkswagen;345916;2017;Diesel
D743JT194;Mitsubishi;935087;2001;Diesel
L917KV571;Ford;976597;2016;Ethanol
M344NY340;Ford;698755;2017;Biodiesel
W904GH978;Ford;904726;2009;Compressed Natural Gas
V869IZ509;Ford;102953;2010;Ethanol
J655SQ655;Toyota;231502;2018;Compressed Natural Gas
Q743HS286;Ford;888305;2003;Gasoline
C586ID544;Acura;526880;2008;Biodiesel
Z727WO382;GMC;624189;2003;Diesel
T395XY662;Volvo;142812;2018;Hydrogen
X063FM422;Hyundai;906976;2002;Liquified Petroleum Gas
E837CR068;Ford;182740;2013;Diesel
V898QO105;Ferrari;771534;1997;Hydrogen
A952HX569;Jaguar;14238;2004;Ethanol
D337BT719;Audi;42870;2008;Ethanol
L816GV917;BMW;320718;2007;Diesel
X730EN594;Chevrolet;976425;2010;Ethanol
X380PC922;Volvo;872116;2019;Hydrogen
B407NI306;Chevrolet;840706;2006;Compressed Natural Gas
K906RA703;Ford;125654;2005;Diesel
F236VA639;Mercury;894401;2014;Diesel
W481RK440;Land Rover;494237;2012;Compressed Natural Gas
F676TO610;Ford;270402;2009;Compressed Natural Gas
U856EP298;Ford;74828;2008;Compressed Natural Gas
K319IL535;Chevrolet;630458;2016;Liquified Petroleum Gas
O613AC215;Maserati;365245;2007;Liquified Petroleum Gas
B926KU537;Mitsubishi;506700;2019;Diesel
K048OP073;BMW;781180;2016;Compressed Natural Gas
E390XW597;MAZDA;98873;2000;Compressed Natural Gas
B440UR013;Hyundai;639086;2019;Biodiesel
C849WJ902;INFINITI;75354;2016;Ethanol
W978RU133;Mercedes-Benz;121731;2016;Biodiesel
Z280ZT969;Acura;689404;2016;Compressed Natural Gas
K084RY873;Pontiac;794029;2002;Ethanol
B391YN457;Mercedes-Benz;979194;2016;Compressed Natural Gas
P069VU270;Toyota;618329;2013;Compressed Natural Gas
N965CS845;Chrysler;695223;2016;Diesel
H206GX003;Honda;536506;2000;Diesel
G515GW264;Mercedes-Benz;940931;2000;Gasoline
T416EU390;Kia;713853;2017;Biodiesel
Q424RO128;Mercury;738883;2010;Ethanol
T102UU711;GMC;714291;2018;Biodiesel
O304GX473;Ford;158526;2006;Compressed Natural Gas
S879GA651;Volkswagen;405198;2006;Compressed Natural Gas
S591UN996;Ford;139612;2019;Ethanol
T005MC930;GMC;364815;2011;Compressed Natural Gas
B821XW926;MAZDA;803246;2001;Ethanol
T407BQ765;Mercedes-Benz;136951;2018;Hydrogen
X056TA133;INFINITI;778750;2006;Gasoline
P899YL382;Dodge;927456;2017;Gasoline
J813XR632;GMC;753209;2009;Biodiesel
L224UO177;Hyundai;784716;2001;Hydrogen
N376QS866;MAZDA;294211;2011;Compressed Natural Gas
N151TH903;Toyota;581254;2004;Diesel
I926YS582;Dodge;665633;2005;Ethanol
A534RN810;Ford;870441;2014;Biodiesel
X394QE397;Volkswagen;591454;2019;Compressed Natural Gas
A237LD885;Saturn;508171;2000;Diesel
G181RP652;GMC;261143;2004;Gasoline
S574OE857;Nissan;355319;2006;Hydrogen
U208AQ548;GMC;254079;2009;Biodiesel
E587WY614;Mitsubishi;483909;2016;Gasoline
Z086NZ976;Suzuki;776408;2009;Gasoline
G810CH080;Ram;403111;2000;Biodiesel
Z259CF928;Hyundai;226542;2017;Liquified Petroleum Gas
P592PR308;Toyota;517493;2014;Liquified Petroleum Gas
H119OB180;FIAT;479460;2012;Diesel
L665IC867;Nissan;606601;2003;Hydrogen
P854EG950;Ford;558447;2012;Diesel
N698EI329;Bentley;305796;2002;Hydrogen
T954WP919;BMW;407893;2004;Liquified Petroleum Gas
D105HA753;Hyundai;886298;2015;Biodiesel
D263FB574;Ford;129488;2008;Diesel
A698EV560;Jaguar;223248;2010;Gasoline
L037UI966;Mercedes-Benz;175264;2016;Diesel
V493EW728;BMW;500523;2005;Biodiesel
H124GT500;Toyota;263366;2002;Ethanol
W142EA840;Chevrolet;937602;2004;Liquified Petroleum Gas
O823CP483;Buick;520748;2007;Biodiesel
Z072WS303;McLaren;448355;2004;Gasoline
E888WH132;Lexus;706414;2008;Ethanol
U159BJ250;GMC;661174;2018;Hydrogen
Q684HS077;Honda;800085;2016;Compressed Natural Gas
E806NM344;Hyundai;998627;2001;Biodiesel
T406EV042;Volkswagen;21612;2008;Gasoline
T483SE513;Chevrolet;541779;2008;Hydrogen
W696NQ500;Kia;669350;2001;Diesel
E391TP762;Dodge;868664;2001;Biodiesel
E041ZO489;HUMMER;307269;2015;Liquified Petroleum Gas
E906ZA755;MAZDA;407833;2018;Hydrogen
A083RN522;Volkswagen;557440;2004;Diesel
A143MQ230;GMC;111551;2011;Gasoline
J921MU363;BMW;116044;2009;Liquified Petroleum Gas
T684UM019;Audi;913758;2016;Diesel
J948TB532;Mercury;607870;2003;Compressed Natural Gas
M149SY564;Nissan;318469;2002;Hydrogen
F899ZB379;Dodge;269169;2007;Ethanol
R615UW720;Jeep;552476;2018;Hydrogen
N638CR566;Kia;391559;2013;Compressed Natural Gas
T121RC869;Subaru;390821;2009;Ethanol
G711YD106;Cadillac;779088;2006;Biodiesel
M983FP564;Mercury;812773;2016;Ethanol
P623GQ037;Toyota;66590;2007;Hydrogen
Y352KK220;Ford;888385;2003;Compressed Natural Gas
I598JX763;Jeep;878027;2019;Liquified Petroleum Gas
C440YD587;GMC;578461;2004;Ethanol
J549KW084;BMW;647673;2001;Gasoline
N080HE397;Volkswagen;153229;2010;Ethanol
R672JU030;GMC;944386;2004;Gasoline
R313EM350;Ford;458964;2012;Compressed Natural Gas
I306JJ624;Lexus;879432;2004;Compressed Natural Gas
S860BX643;Ford;773812;2009;Diesel
C309PK832;Daewoo;547530;2018;Biodiesel
P269ZY794;Toyota;679429;2013;Hydrogen
B752ES897;Plymouth;913443;2008;Hydrogen
B439KO362;Porsche;54339;2013;Liquified Petroleum Gas
A479UX788;Buick;720592;2011;Ethanol
T569NJ184;Audi;20774;2002;Compressed Natural Gas
T053NS827;Nissan;499141;2015;Compressed Natural Gas
H072XV148;Audi;539263;2009;Compressed Natural Gas
M661PS577;Maserati;567234;2004;Ethanol
C177IK026;Volvo;822735;2010;Diesel
A728UB485;GMC;384693;2004;Hydrogen
N816QD404;Mercedes-Benz;140738;2010;Compressed Natural Gas
O984FZ828;Jeep;784393;2010;Compressed Natural Gas
V977BD829;GMC;284230;2015;Ethanol
A613SR269;Ford;396915;2001;Diesel
R609CC727;Ford;281971;2001;Ethanol
Y834FL141;Toyota;32642;2000;Compressed Natural Gas
Q865EF368;Buick;809072;2006;Gasoline
W991KL462;Volvo;478188;2005;Diesel
S570CI192;Honda;193099;2009;Gasoline
T913EZ168;GMC;696060;2018;Gasoline
U017QC264;Toyota;548765;2016;Liquified Petroleum Gas
W377IP415;Tesla;913821;2018;Diesel
V582PL699;Rolls-Royce;780968;2004;Compressed Natural Gas
N202YO515;Mitsubishi;867856;2012;Ethanol
E385YL501;Dodge;276289;2007;Ethanol
Q253HM139;Maserati;59599;2004;Liquified Petroleum Gas
Q027UR541;Lexus;988558;2004;Liquified Petroleum Gas
Y155XG291;INFINITI;390375;2003;Biodiesel
J396XF429;Nissan;517309;2007;Hydrogen
R294JB694;Ford;945647;2009;Compressed Natural Gas
P061XS807;Audi;368874;2010;Hydrogen
I980SA240;Jeep;351454;2010;Compressed Natural Gas
W946YZ104;Dodge;138485;2018;Ethanol
V608QW561;Mercedes-Benz;839251;2001;Liquified Petroleum Gas
O138RY638;Hyundai;935829;2014;Diesel
W810WR664;Nissan;598117;2006;Biodiesel
H186EA008;Suzuki;51874;2009;Diesel
K026LZ457;BMW;767317;2013;Hydrogen
H707IO427;Jaguar;659677;2014;Ethanol
Z104CU757;GMC;724624;2015;Hydrogen
B946KG832;Chevrolet;861450;2002;Diesel
W668MH741;Lincoln;918216;2005;Hydrogen
Y174ZQ912;Dodge;126295;2009;Diesel
J086DT093;Acura;36771;2006;Hydrogen
W985VL914;Nissan;663423;2016;Diesel
P020NW815;Ferrari;355248;2002;Gasoline
O536EU597;Volkswagen;334754;2017;Diesel
M708TW294;Audi;830093;2016;Liquified Petroleum Gas
O842UR090;Volvo;379198;2007;Diesel
R261QP169;Chrysler;514188;2014;Hydrogen
L140MI736;Dodge;771001;2001;Hydrogen
R756NC739;Lexus;203972;2011;Compressed Natural Gas
Y574VE491;Lexus;139447;2019;Compressed Natural Gas
G489ZB714;Bentley;548422;2006;Liquified Petroleum Gas
Q279LS243;Ram;433814;2005;Ethanol
C291JC056;Nissan;258085;2017;Gasoline
D415SG813;Oldsmobile;203087;2008;Ethanol
N452UN960;GMC;817432;2018;Liquified Petroleum Gas
T650AY874;Toyota;681269;2004;Compressed Natural Gas
C347TI383;Mitsubishi;458411;2019;Diesel
G480EN070;Volvo;293893;2015;Biodiesel
V899FB633;Ford;827708;2011;Hydrogen
A505QG094;Land Rover;880079;2016;Compressed Natural Gas
J202GA576;HUMMER;937360;2002;Gasoline
O508LZ992;Lexus;707073;2006;Ethanol
E320PL013;Chevrolet;904959;2011;Liquified Petroleum Gas
N480XO651;Ford;375493;2014;Gasoline
T163MX573;Cadillac;493074;2016;Diesel
Y701RS404;Dodge;663037;2002;Diesel
Q731MB314;Chevrolet;903437;2000;Compressed Natural Gas
D115IA823;Land Rover;822072;2011;Hydrogen
G569HJ293;Bentley;963401;2016;Compressed Natural Gas
X256GR773;Honda;557786;2009;Hydrogen
A846ZH202;Chevrolet;5455;2019;Gasoline
E671ZF064;Ford;5445;2012;Gasoline
U091YD416;Hyundai;199059;2000;Ethanol
V368LC471;Pontiac;37611;2011;Hydrogen
K505EG057;Cadillac;730930;2003;Liquified Petroleum Gas
H308NO344;GMC;286344;2012;Hydrogen
O805TK219;Toyota;483238;2012;Biodiesel
B610HP974;GMC;471842;2017;Gasoline
C551AC266;Dodge;311517;2010;Biodiesel
P733HD048;Dodge;59822;2010;Diesel
D050IC955;Lexus;895963;2018;Biodiesel
T928US165;Chevrolet;980708;2004;Liquified Petroleum Gas
R847WH053;Chevrolet;709027;2015;Hydrogen
M014ZK965;GMC;840239;2018;Ethanol
F310WA535;Volkswagen;359992;2016;Biodiesel
R374BM670;Nissan;3210;2004;Diesel
D006PA135;Nissan;141327;2006;Biodiesel
D082QF966;Chrysler;150932;2019;Gasoline
N278LH353;BMW;856782;2013;Gasoline
K891PZ347;Land Rover;381547;2010;Biodiesel
V304NB886;Mercedes-Benz;379682;2004;Compressed Natural Gas
J106XS290;Subaru;210852;2011;Liquified Petroleum Gas
N901RC763;GMC;34863;2018;Liquified Petroleum Gas
H043ND847;Hyundai;528225;2001;Hydrogen
W025EZ845;Toyota;666641;2009;Ethanol
R390AX390;GMC;732479;2007;Biodiesel
J173KJ020;Nissan;752808;2005;Liquified Petroleum Gas
L185WW410;Nissan;541586;2016;Diesel
T417ND126;Ford;558107;2010;Liquified Petroleum Gas
M109BP108;Chrysler;882829;2000;Diesel
B676YH745;Dodge;694064;2011;Biodiesel
I277JP452;Dodge;885349;2004;Gasoline
U942KV120;Nissan;343484;2019;Hydrogen
R938TG013;Kia;831366;2013;Hydrogen
F882UB860;Chevrolet;169072;2000;Compressed Natural Gas
K711JM732;Chevrolet;952113;2004;Liquified Petroleum Gas
S485SP257;Bentley;69095;2001;Liquified Petroleum Gas
J837IQ476;Audi;12986;2003;Compressed Natural Gas
C941DS018;Acura;573278;2015;Liquified Petroleum Gas
P178XS762;BMW;695741;2018;Diesel
R998LV550;Ford;759162;2006;Compressed Natural Gas
G531RG329;Mercedes-Benz;132691;2013;Gasoline
O756BU207;Buick;846342;2012;Ethanol
H595RL520;BMW;644507;2011;Ethanol
Z950RX062;Volvo;943086;2019;Biodiesel
G966HB092;Nissan;282041;2001;Diesel
P237EV580;MAZDA;651653;2019;Gasoline
W814JS442;Ford;159982;2014;Compressed Natural Gas
G598DY156;Acura;921076;2000;Liquified Petroleum Gas
O941LB841;Porsche;821663;2013;Compressed Natural Gas
W444GI692;Mercedes-Benz;276050;2015;Hydrogen
Q609FM558;Dodge;800656;2019;Gasoline
A419TD579;Jaguar;46126;2014;Hydrogen
K312JY586;Jaguar;301074;2019;Compressed Natural Gas
X836WG102;Porsche;58706;2015;Compressed Natural Gas
U877DH995;Land Rover;890957;2016;Compressed Natural Gas
C777ML151;Isuzu;851034;2018;Gasoline
I583FV406;Saturn;477435;2010;Compressed Natural Gas
A757ZF474;Ram;275835;2003;Gasoline
Z586XX002;BMW;566412;2006;Biodiesel
B228CV202;Toyota;145947;2000;Gasoline
Z900RZ785;Ram;698008;2014;Compressed Natural Gas
S181UN164;Dodge;673459;2016;Diesel
V653MK660;Volkswagen;386946;2001;Diesel
V904YN637;Audi;436905;2001;Diesel
L756HW173;GMC;826714;2013;Biodiesel
O394GT184;Ferrari;62882;2016;Ethanol
E671WX563;Ford;944264;2003;Compressed Natural Gas
S711ZN848;Audi;131280;2015;Biodiesel
R381BI596;GMC;611791;2017;Compressed Natural Gas
X894XZ138;Mercedes-Benz;226825;2004;Diesel
W381QG087;Ford;207939;2004;Biodiesel
D374KK400;Dodge;508250;2011;Ethanol
G170KR480;Nissan;246860;2006;Diesel
O499ST253;Lexus;102900;2011;Ethanol
Y270HS055;GMC;552309;2006;Hydrogen
I424QF602;Chrysler;904532;2000;Biodiesel
G924VL355;Porsche;539709;2019;Diesel
U178JT387;Toyota;963505;2004;Gasoline
H425VC139;Buick;750928;2015;Ethanol
U807UJ080;Chrysler;639596;2011;Gasoline
Z071LN485;Buick;686429;2009;Ethanol
B042QQ712;MAZDA;809497;2002;Hydrogen
M042ZY736;GMC;664492;2001;Biodiesel
D420TT960;BMW;237380;2010;Compressed Natural Gas
H636QK361;Ferrari;119577;2009;Hydrogen
G847NK082;Mitsubishi;387480;2002;Compressed Natural Gas
E660EG038;Land Rover;639711;2005;Gasoline
F686DR713;Oldsmobile;639304;2005;Liquified Petroleum Gas
U410XV033;Buick;414417;2000;Diesel
N870OF341;Nissan;451327;2018;Liquified Petroleum Gas
U294PT792;Jeep;836218;2008;Ethanol
M093UN202;Mitsubishi;90453;2014;Biodiesel
J627DV963;Mitsubishi;6786;2004;Diesel
H982HP984;Subaru;445723;2013;Compressed Natural Gas
Q792VE535;GMC;63844;2001;Gasoline
W944LV528;Volvo;822335;2000;Compressed Natural Gas
I220UE352;Suzuki;297071;2001;Diesel
D340UA336;BMW;884197;2018;Ethanol
H754FB730;Volvo;405661;2000;Diesel
H044WU163;Hyundai;12065;2015;Liquified Petroleum Gas
K115NC771;MINI;784919;2016;Compressed Natural Gas
D086QO822;Toyota;777869;2011;Compressed Natural Gas
M174ZC316;Audi;496706;2018;Ethanol
E121AM774;Saab;169363;2001;Diesel
W305BC568;Oldsmobile;482459;2010;Diesel
P307UA105;GMC;44386;2013;Liquified Petroleum Gas
U856GR205;Hyundai;178406;2015;Hydrogen
Y917HX948;Volkswagen;528145;2015;Ethanol
E501YG874;Ford;165845;2010;Compressed Natural Gas
J569ES960;Lexus;306489;2004;Biodiesel
V203MV870;Cadillac;135131;2001;Ethanol
N803HB388;Chevrolet;252852;2011;Ethanol
H677CC977;Chevrolet;70977;2014;Liquified Petroleum Gas
D704BP279;Chrysler;83239;2008;Biodiesel
Y722WB365;Cadillac;759506;2000;Compressed Natural Gas
U096EB550;Audi;211739;2017;Biodiesel
T601XN833;Saturn;359632;2005;Biodiesel
P826FZ676;Land Rover;472861;2015;Diesel
B980NE096;Ford;918962;2005;Compressed Natural Gas
D966ET721;Volvo;46599;2008;Diesel
K391YV831;BMW;724696;2004;Diesel
P433JH519;Jeep;376337;2000;Liquified Petroleum Gas
W944WD042;Oldsmobile;351185;2005;Gasoline
A563ES856;Lexus;324780;2007;Hydrogen
D545TQ541;Kia;431590;2004;Liquified Petroleum Gas
C353JR067;Toyota;780082;2017;Ethanol
S534GT799;INFINITI;705697;2002;Biodiesel
Z530CX288;Kia;180131;2006;Gasoline
Z464DT197;Kia;622421;2011;Liquified Petroleum Gas
S748PL568;BMW;293167;2002;Hydrogen
E172MQ804;Porsche;89770;2012;Biodiesel
K164CA530;Cadillac;681936;2005;Diesel
M523YM581;Nissan;550439;2019;Biodiesel
R438OD187;Lincoln;782076;2008;Liquified Petroleum Gas
O547FU225;Chevrolet;865970;2019;Hydrogen
G719HP123;Subaru;466879;2006;Liquified Petroleum Gas
A082ZL814;Subaru;441683;2001;Biodiesel
I976OS344;Ford;410036;2003;Compressed Natural Gas
P391ZP273;Dodge;387439;2005;Hydrogen
F623TJ934;Hyundai;882569;2011;Compressed Natural Gas
J551HX467;Toyota;413700;2001;Compressed Natural Gas
B792EN163;Nissan;658856;2019;Liquified Petroleum Gas
K180GU604;Volvo;942073;2009;Biodiesel
K406MD580;Dodge;289510;2002;Diesel
C779TG982;Toyota;361310;2003;Ethanol
E064WN067;GMC;538407;2000;Compressed Natural Gas
V218WI872;Audi;630468;2008;Biodiesel
K691UF452;Chevrolet;453929;2002;Gasoline
I630NV478;BMW;880469;2000;Biodiesel
R152GK438;Chevrolet;641895;2011;Diesel
P925ZM256;BMW;411361;2003;Ethanol
Z668UF159;Buick;58891;2004;Gasoline
E530GN778;Land Rover;584879;2016;Diesel
L902FO322;Chevrolet;703009;2007;Gasoline
A111SR748;Volvo;469725;2019;Biodiesel
U302HO547;Dodge;32639;2000;Compressed Natural Gas
X806CZ413;BMW;405388;2015;Liquified Petroleum Gas
K632FB761;Kia;125989;2010;Gasoline
B165UA108;Geo;524888;2016;Liquified Petroleum Gas
A992LZ171;Dodge;808850;2019;Diesel
Z887GW980;Subaru;191663;2011;Gasoline
W616GZ682;Chevrolet;5553;2002;Compressed Natural Gas
G958BY342;Ford;1926;2001;Compressed Natural Gas
F548KY278;Cadillac;247248;2011;Gasoline
G327CC275;Hyundai;138487;2014;Compressed Natural Gas
Y116MD048;Aston Martin;440342;2002;Ethanol
L144ZX724;MINI;735506;2009;Liquified Petroleum Gas
C195CV447;Dodge;919302;2009;Liquified Petroleum Gas
O241VM698;Volkswagen;399977;2005;Compressed Natural Gas
U360FE915;Lincoln;613895;2010;Compressed Natural Gas
U805BM972;Subaru;345445;2016;Ethanol
H944ZK248;Dodge;741783;2012;Biodiesel
Z610MU942;Toyota;646361;2014;Hydrogen
G862SX970;Ford;876785;2006;Biodiesel
V902BR856;Mercedes-Benz;918956;2004;Biodiesel
X463FV474;Ford;337380;2006;Gasoline
V652BX352;Lexus;466674;2017;Compressed Natural Gas
C731RX498;Chevrolet;377940;2013;Liquified Petroleum Gas
P879RW137;Toyota;109868;2016;Ethanol
Z068UK133;Nissan;673964;2019;Hydrogen
H107MY770;Jaguar;810693;2006;Hydrogen
Y509QU853;Chevrolet;71563;2011;Biodiesel
S731VW022;Mercedes-Benz;711521;2009;Ethanol
J186UE011;Mercedes-Benz;193983;2002;Gasoline
G300KR955;Audi;366845;2012;Gasoline
O168MO509;MAZDA;40127;2012;Ethanol
O774SV689;Nissan;384860;2013;Biodiesel
L206GS465;Ford;36890;2016;Diesel
G846SJ166;Mercedes-Benz;500713;2002;Diesel
C089SG900;Toyota;180979;2010;Ethanol
G384IW111;BMW;894472;2007;Hydrogen
O333CE509;Ford;456354;2009;Diesel
N896AD137;Jeep;860207;2014;Compressed Natural Gas
F073MN676;Volkswagen;340111;2014;Ethanol
Q516MV831;Toyota;386516;2018;Compressed Natural Gas
D088SQ964;Acura;224404;2015;Hydrogen
P518HU769;Mercedes-Benz;413688;2010;Diesel
A764GQ131;MINI;594168;2009;Diesel
O004IU627;Hyundai;738673;2019;Liquified Petroleum Gas
P826LV225;Lincoln;675076;2012;Liquified Petroleum Gas
F908YM897;INFINITI;132253;2000;Liquified Petroleum Gas
G736WU470;Chevrolet;81537;2012;Compressed Natural Gas
X338GE715;Saturn;598630;2016;Biodiesel
D837LW943;Ram;109099;2018;Biodiesel
F392AY344;Honda;163892;2019;Liquified Petroleum Gas
P739GL664;Dodge;754957;2008;Compressed Natural Gas
Z718SD898;BMW;907746;2006;Diesel
O366GE949;Chevrolet;410974;2005;Ethanol
G229UK713;BMW;261595;2017;Gasoline
U468HZ746;Ford;847039;2002;Gasoline
J385EP730;Dodge;19409;2017;Diesel
B042DJ700;Chevrolet;724231;2019;Biodiesel
X663RQ830;Mercury;195017;2013;Biodiesel
P480KI381;GMC;551332;2012;Gasoline
F141YL123;Volvo;389837;2005;Biodiesel
S731IV017;Dodge;921238;2003;Diesel
X933QC257;Ford;982049;2004;Diesel
O935VM543;Ford;589984;2006;Diesel
X872SZ501;INFINITI;952534;2011;Biodiesel
H414DJ979;Lexus;927529;2000;Ethanol
A220IY844;Hyundai;542666;2014;Hydrogen
B424LL979;Mercury;413340;2002;Ethanol
M193YC654;Chevrolet;688888;2011;Compressed Natural Gas
K807JF837;Porsche;125082;2014;Biodiesel
A758TH171;Honda;284443;2003;Liquified Petroleum Gas
F139UU784;Ford;813242;2003;Ethanol
W275DP135;Chevrolet;294768;2017;Ethanol
J637ZD247;Ford;433974;2008;Compressed Natural Gas
E201HZ995;Chevrolet;205222;2005;Liquified Petroleum Gas
K990EG331;Audi;35126;2014;Compressed Natural Gas
D600RN931;Porsche;334118;2009;Compressed Natural Gas
F314QV684;Mercury;152121;2007;Liquified Petroleum Gas
Q255VK625;Toyota;632321;2014;Ethanol
F198DX758;BMW;62537;2009;Compressed Natural Gas
Q873WQ435;Saturn;659258;2012;Compressed Natural Gas
R121XY594;BMW;330267;2009;Hydrogen
L301NY498;Chevrolet;515458;2000;Diesel
Q551SV180;GMC;670625;2006;Hydrogen
D635TV850;Lotus;782950;2006;Gasoline
P815JC335;Acura;478969;2004;Hydrogen
L246PX482;Mercury;498246;2013;Ethanol
T696JZ579;GMC;870658;2012;Diesel
L138OG121;BMW;332281;2015;Compressed Natural Gas
I005EF165;Ford;921886;2015;Diesel
Q598FT850;Ford;495086;2013;Compressed Natural Gas
R819KZ968;BMW;125979;2015;Diesel
J884EK091;Honda;92164;2000;Liquified Petroleum Gas
F547AP794;Acura;772633;2000;Biodiesel
C855GK981;Mercedes-Benz;796996;2015;Biodiesel
W204NZ626;Lamborghini;859882;2009;Liquified Petroleum Gas
C429RE846;Subaru;857055;2012;Gasoline
G849BD659;Buick;264905;2010;Liquified Petroleum Gas
H514FE622;Audi;272770;2018;Biodiesel
Z360CT144;Ram;711682;2014;Gasoline
Z595PR867;Porsche;226992;2017;Ethanol
G124LF179;Geo;374890;2008;Gasoline
P143AD838;Chevrolet;453356;2008;Gasoline
E058GC335;Mercedes-Benz;912899;2002;Diesel
W866HQ510;Cadillac;610410;2009;Ethanol
C985UP319;Saturn;555904;2014;Liquified Petroleum Gas
V000FC925;GMC;243039;2003;Biodiesel
F152PC788;GMC;588814;2010;Hydrogen
Z974XG986;Toyota;906652;2019;Gasoline
Q555XD732;Mercedes-Benz;362379;2016;Liquified Petroleum Gas
O475KC607;Scion;246036;2017;Compressed Natural Gas
S379GX931;Volkswagen;681769;2012;Liquified Petroleum Gas
K828JY266;GMC;352023;2000;Gasoline
T240TZ774;BMW;825867;2001;Hydrogen
R496VS055;Mercedes-Benz;236736;2015;Biodiesel
K287IA797;Kia;506772;2000;Diesel
E422RZ271;Jeep;291515;2005;Gasoline
H882SK355;Mitsubishi;950930;2010;Compressed Natural Gas
I437FH051;MAZDA;35645;2011;Liquified Petroleum Gas
B593EG425;Mercedes-Benz;298590;2010;Biodiesel
B671AM705;INFINITI;602157;2014;Ethanol
N142MY066;Toyota;798359;2016;Gasoline
A504MB797;Bentley;460185;2018;Gasoline
U917XG985;Ford;691918;2014;Hydrogen
A729ZQ039;Ford;525052;2010;Biodiesel
X645XJ702;Dodge;188092;2006;Compressed Natural Gas
K032WH756;Ford;595149;2018;Gasoline
E536EW612;Ferrari;153545;2013;Ethanol
H237ZU176;Kia;790273;2001;Diesel
H335CF252;Cadillac;415890;2006;Ethanol
U705TT919;Mitsubishi;185086;2000;Gasoline
F853UK573;Lexus;261658;2017;Biodiesel
T287EF159;Hyundai;235565;2018;Diesel
H737BZ224;Toyota;501076;2012;Liquified Petroleum Gas
N018WO053;Chevrolet;964237;2000;Liquified Petroleum Gas
X956RD603;Kia;768655;2006;Liquified Petroleum Gas
I873XL665;Ram;395397;2006;Ethanol
Z140JY033;Toyota;166692;2012;Compressed Natural Gas
Q130LE041;Ford;879382;2008;Ethanol
B009ZE160;Cadillac;483255;2017;Gasoline
E624KY592;Volvo;414871;2011;Compressed Natural Gas
Q687HJ684;Lexus;838719;2008;Biodiesel
Y605ZL402;Saturn;645957;2007;Biodiesel
B077SU511;Volkswagen;554166;2017;Ethanol
Q008BF733;Honda;391478;2014;Diesel
N099LT529;Acura;101798;2010;Ethanol
W375QU291;Audi;22988;2016;Ethanol
Q645FV740;Dodge;301376;2003;Liquified Petroleum Gas
X216OJ460;Jaguar;829188;2000;Liquified Petroleum Gas
R669GS898;Ram;227869;2009;Gasoline
O146BS810;Dodge;445216;2019;Compressed Natural Gas
R570CD680;Lotus;11646;2003;Biodiesel
B191GG733;INFINITI;357288;2000;Diesel
P171MA997;GMC;572596;2008;Hydrogen
U597GR409;MAZDA;252839;2018;Ethanol
Z229XS052;Dodge;155184;2008;Gasoline
R621TU024;Nissan;120829;2012;Compressed Natural Gas
J743LC214;Ford;526920;2007;Liquified Petroleum Gas
Y608ZC977;Ford;879462;2000;Hydrogen
R397UP916;Ford;277546;2000;Biodiesel
K747QL211;Mercedes-Benz;37125;2015;Biodiesel
O265NN543;Acura;795079;2015;Gasoline
B695TZ772;Acura;472501;2015;Hydrogen
E665TC004;Buick;609553;2003;Liquified Petroleum Gas
O054ST669;Isuzu;408973;2001;Diesel
H902FU846;Chevrolet;110032;2009;Biodiesel
X288AV909;MAZDA;474161;2008;Liquified Petroleum Gas
L750KY548;BMW;76563;2019;Biodiesel
W839CM892;Suzuki;444500;2019;Diesel
R365ES595;Dodge;724784;2016;Hydrogen
V185SK068;Chevrolet;470787;2018;Diesel
S526BO968;Suzuki;466408;2002;Hydrogen
Y080BG399;Mercury;38265;2004;Compressed Natural Gas
Y837MZ038;Kia;353903;2014;Compressed Natural Gas
G332DK135;Mitsubishi;215517;2011;Biodiesel
W932DX901;Toyota;282235;2000;Diesel
S055EE554;Maybach;352366;2014;Liquified Petroleum Gas
O099XW101;Mitsubishi;201754;2015;Liquified Petroleum Gas
N830DY394;Audi;992503;2014;Ethanol
Q639JC976;Chevrolet;814127;2018;Gasoline
L885UE759;Lexus;418765;2011;Compressed Natural Gas
V426ZZ831;Audi;190368;2014;Liquified Petroleum Gas
Q971ZR658;Chevrolet;673561;2005;Diesel
P789AD694;INFINITI;387518;2007;Ethanol
P471SW226;BMW;830059;2004;Hydrogen
T359CN815;Buick;308908;2013;Compressed Natural Gas
F931LQ013;Chevrolet;312651;2015;Compressed Natural Gas
B578JV232;GMC;961216;2008;Diesel
F658XG310;MAZDA;788201;2007;Gasoline
F792TW259;Nissan;23269;2015;Biodiesel
W225KX138;MAZDA;49750;2005;Ethanol
U211OP782;INFINITI;758572;2013;Ethanol
P287KN692;INFINITI;560967;2011;Biodiesel
G085XD326;Saab;589658;2013;Biodiesel
R932LH197;Hyundai;363465;2010;Compressed Natural Gas
K520MA379;Ford;268780;2017;Liquified Petroleum Gas
W238NI094;Ford;765426;2009;Ethanol
Z357WZ215;Mercedes-Benz;705235;2014;Liquified Petroleum Gas
O286ZD325;Nissan;694382;2007;Gasoline
H000UP415;Jeep;822739;2007;Compressed Natural Gas
E971ZQ126;Mercedes-Benz;282681;2006;Liquified Petroleum Gas
R589WS299;Ford;940061;2016;Gasoline
A745NW673;BMW;808198;2013;Compressed Natural Gas
S707BQ699;Pontiac;664920;2014;Liquified Petroleum Gas
Y560UY394;Volvo;443326;2003;Hydrogen
Q962ZE201;Ford;994591;2003;Diesel
D093OO457;GMC;915701;2013;Biodiesel
J514NJ577;Nissan;110857;2018;Liquified Petroleum Gas
H901XW689;Jeep;158247;2003;Biodiesel
S241UP942;GMC;708510;2001;Hydrogen
R639BV732;Pontiac;422525;2013;Diesel
L663ZI233;Volkswagen;733439;2002;Ethanol
A642UH039;Chevrolet;180240;2012;Compressed Natural Gas
P166NT389;Rolls-Royce;657462;2019;Biodiesel
S291XW781;MAZDA;868071;2016;Liquified Petroleum Gas
J004UA087;MAZDA;111449;2013;Biodiesel
O864ZA855;Mitsubishi;771971;2017;Compressed Natural Gas
B311KU835;Toyota;47383;2003;Ethanol
X532SL899;Ford;99952;2004;Gasoline
F063XN627;Dodge;110504;2000;Gasoline
J209ZP769;Mitsubishi;55593;2011;Gasoline
D190TN148;Chrysler;868396;2014;Biodiesel
C310MP558;Chevrolet;29636;2006;Ethanol
M144MJ914;Hyundai;454389;2016;Biodiesel
J595FY011;Nissan;888230;2011;Ethanol
S919BF509;Chrysler;892547;2017;Diesel
Q396MG910;Mercedes-Benz;117337;2018;Hydrogen
V312CB432;GMC;450980;2009;Ethanol
L851VL409;Eagle;580010;2019;Biodiesel
X905RS820;GMC;203411;2018;Gasoline
T130CH602;Jaguar;934957;2013;Ethanol
I166VB963;Hyundai;110688;2013;Liquified Petroleum Gas
I821LN661;Lincoln;646537;2010;Diesel
U839FM414;Nissan;166275;2015;Compressed Natural Gas
X152DY900;Honda;898977;2001;Diesel
L513WZ848;Ford;748274;2015;Gasoline
A290HK400;Mercury;131000;2018;Compressed Natural Gas
L134XG178;BMW;51481;2016;Hydrogen
F461FR611;Ford;101278;2010;Gasoline
A132TD543;Audi;125119;2013;Biodiesel
D784BG939;Toyota;73148;2002;Hydrogen
S445CY320;Ford;573658;2003;Hydrogen
H737XA984;Land Rover;247262;2014;Hydrogen
I395FN696;Saab;128815;2013;Gasoline
P448LT128;Buick;50141;2016;Ethanol
X618MI946;Dodge;715722;2002;Hydrogen
J316PQ167;Jeep;28197;2016;Hydrogen
L569CQ876;Toyota;83737;2005;Compressed Natural Gas
U270ZI315;Pontiac;533335;2010;Biodiesel
D891ID245;Chevrolet;696462;2017;Gasoline
U055GK571;BMW;221109;2006;Diesel
Z806UG867;GMC;230977;2009;Gasoline
K766RI960;GMC;108844;2010;Hydrogen
P300EY842;Jaguar;55375;2015;Biodiesel
Q524PF949;Plymouth;619141;2015;Ethanol
E084QF445;Dodge;996017;2014;Compressed Natural Gas
Q744FI732;GMC;778796;2001;Gasoline
V167BV658;Chevrolet;288552;2019;Biodiesel
M606MA478;Mercury;148198;2017;Diesel
N906GN519;Toyota;119250;2019;Ethanol
X470BF604;Chevrolet;28591;2007;Diesel
M628VB093;Cadillac;918591;2013;Hydrogen
I814RV063;Volkswagen;469568;2010;Biodiesel
G719BK516;Nissan;809753;2002;Hydrogen
E611XT436;Chevrolet;150529;2018;Ethanol
C471LL999;Dodge;584717;2001;Ethanol
P805OF087;Ferrari;875947;2019;Compressed Natural Gas
P477ZM192;BMW;408671;2016;Ethanol
M682WB833;Cadillac;243562;2018;Diesel
N420JJ561;Land Rover;302510;2006;Compressed Natural Gas
M715JX167;Ford;473782;2004;Biodiesel
P979ZB952;Maybach;244958;2004;Compressed Natural Gas
M621VG618;Ford;481912;2007;Biodiesel
Z932XF023;Dodge;84411;2016;Gasoline
F222XA031;Mitsubishi;771472;2018;Liquified Petroleum Gas
V659FR333;Chevrolet;694820;2012;Biodiesel
I262QS849;Ford;344041;2017;Biodiesel
Z251QI927;Chevrolet;685766;2007;Gasoline
L220MY922;Isuzu;44800;2019;Ethanol
Y256GL912;Kia;474368;2005;Gasoline
Z551AY620;MAZDA;648032;2008;Gasoline
S081IV161;Porsche;215067;2018;Compressed Natural Gas
K533TJ309;Isuzu;190356;2013;Diesel
O612DL642;Mercedes-Benz;715849;2011;Biodiesel
M475FB956;INFINITI;549901;2002;Diesel
V756SF320;Ford;414851;2012;Biodiesel
K096BO593;Acura;1370;2015;Ethanol
X162YX271;GMC;259052;2016;Biodiesel
X398VT581;Honda;316768;2009;Compressed Natural Gas
M880LC836;Hyundai;499595;2017;Hydrogen
Y175QT679;Mercedes-Benz;346614;2018;Ethanol
M393PE390;Dodge;302755;2002;Liquified Petroleum Gas
U516BL645;Oldsmobile;165923;2016;Gasoline
K528TZ796;Honda;801333;2017;Biodiesel
B024AF471;Buick;513622;2005;Compressed Natural Gas
Q289AZ741;Acura;40745;2001;Ethanol
L145PZ227;Toyota;350565;2013;Liquified Petroleum Gas
U717NX717;BMW;958930;2003;Liquified Petroleum Gas
R329TF648;Chevrolet;887534;2017;Ethanol
P026XO779;GMC;23129;2007;Gasoline
H046OE637;Saab;819993;2008;Hydrogen
J771DT229;Audi;968528;2008;Liquified Petroleum Gas
R587DH341;GMC;615026;2011;Compressed Natural Gas
L018NW363;Bentley;908869;2015;Ethanol
I920MT711;Plymouth;68767;2008;Hydrogen
N691YD501;Ford;580669;2004;Ethanol
Y281EY847;Chrysler;180050;2012;Gasoline
C023GQ879;Nissan;889235;2013;Compressed Natural Gas
X781DG341;Mercedes-Benz;92403;2004;Diesel
E826QJ899;Subaru;904588;2008;Liquified Petroleum Gas
O461CP221;Audi;584643;2013;Diesel
K929PF480;Lexus;405723;2009;Diesel
S482PY371;Ford;558014;2002;Diesel
N318RI108;Ford;599807;2000;Ethanol
R447FR843;Bentley;198204;2004;Liquified Petroleum Gas
Y888VC527;Volkswagen;87556;2013;Compressed Natural Gas
Q640BY382;Nissan;917655;2015;Diesel
E753QC381;Acura;725932;2011;Liquified Petroleum Gas
S927UD565;Oldsmobile;494311;2004;Biodiesel
H476OD250;Chevrolet;889279;2008;Gasoline
S761ZL644;GMC;108352;2005;Ethanol
A537EJ692;Volvo;246194;2017;Diesel
B706CK305;Lotus;734764;2017;Gasoline
O169ZE632;Mitsubishi;877338;2016;Hydrogen
B240MG517;Nissan;54724;2007;Diesel
M826LV098;Chevrolet;105448;2017;Liquified Petroleum Gas
Y605AT292;Mercedes-Benz;209413;2012;Ethanol
B987IY930;Jeep;426985;2007;Liquified Petroleum Gas
Q513JQ313;Chevrolet;172795;2017;Diesel
E642KE633;Acura;380285;2008;Liquified Petroleum Gas
H673YT005;Buick;63732;2012;Liquified Petroleum Gas
E140UZ018;Mercedes-Benz;106962;2009;Compressed Natural Gas
R976MW749;Subaru;104059;2003;Hydrogen
U614JM325;BMW;339483;2018;Diesel
L037WO717;Volkswagen;308166;2001;Ethanol
Z862DT045;Porsche;996818;2011;Hydrogen
U854PE692;Oldsmobile;378084;2004;Gasoline
O871WO867;BMW;825193;2019;Gasoline
C904BL964;Volkswagen;609464;2010;Diesel
B933QI125;Chevrolet;407745;2006;Ethanol
Z431AZ616;Ford;19333;2006;Compressed Natural Gas
Z745QC661;Dodge;995001;2008;Compressed Natural Gas
G036WT068;Isuzu;679707;2006;Liquified Petroleum Gas
I599BJ656;Rolls-Royce;961171;2019;Gasoline
A560JH385;BMW;538185;2007;Biodiesel
E987SE211;Hyundai;699764;2011;Diesel
F173PZ338;Nissan;804774;2000;Liquified Petroleum Gas
S318QZ970;Nissan;106121;2000;Gasoline
P201TY918;Buick;788431;2015;Diesel
X213XY435;Subaru;699987;2019;Biodiesel
V694JG727;Land Rover;136239;2005;Gasoline
N621SP411;Acura;259108;2006;Hydrogen
S699LL609;Mercedes-Benz;993373;2014;Ethanol
G961BW777;Ford;623752;2009;Hydrogen
L109SI369;Mercedes-Benz;90005;2015;Diesel
E839NN528;Volkswagen;335733;2015;Biodiesel
X442IY364;Toyota;548256;2006;Gasoline
O336HV106;Subaru;935687;2019;Gasoline
H199NQ380;Toyota;17562;2003;Gasoline
N612GE768;Chevrolet;4442;2009;Hydrogen
W143UN301;Acura;772678;2015;Biodiesel
A278VG012;Mercedes-Benz;154936;2002;Liquified Petroleum Gas
X267IB110;Lincoln;562825;2019;Compressed Natural Gas
G361SN755;Suzuki;649960;2002;Compressed Natural Gas
D058PM577;Cadillac;138165;2019;Compressed Natural Gas
F436SV532;Lexus;42281;2015;Biodiesel
J555FK841;Ford;804514;2016;Compressed Natural Gas
L817PH607;Audi;554624;2007;Liquified Petroleum Gas
S667QI229;Ford;371478;2003;Liquified Petroleum Gas
X513DC537;Mercedes-Benz;601634;2008;Biodiesel
B545OF605;Volkswagen;462404;2016;Gasoline
N177YL786;Acura;359760;2014;Biodiesel
R148EZ623;Honda;437142;2005;Ethanol
Y563BJ539;GMC;854500;2005;Biodiesel
M708FD645;Audi;960663;2014;Diesel
V375FL465;Hyundai;387382;2011;Liquified Petroleum Gas
Y915XF821;Nissan;366758;2002;Compressed Natural Gas
B264GV592;Ford;959679;2012;Gasoline
O612LW143;Ford;811720;2017;Biodiesel
N628VT169;Land Rover;202589;2003;Liquified Petroleum Gas
Z252BX929;Toyota;708037;2004;Gasoline
B460VH008;Audi;61872;2002;Gasoline
Z428AC846;FIAT;303499;2010;Hydrogen
I569SW550;Pontiac;767177;2012;Ethanol
J307KR268;MAZDA;399310;2005;Hydrogen
H909BB282;Chevrolet;736122;2019;Diesel
V154KZ777;Volkswagen;411106;2002;Gasoline
S799MX706;Ford;54036;2002;Gasoline
Q154NG715;Dodge;993119;2003;Gasoline
S134KO044;Volkswagen;254566;2003;Compressed Natural Gas
Z795JB531;Cadillac;780236;2000;Hydrogen
X307JC798;Nissan;605706;2008;Biodiesel
D081VA284;Chevrolet;27748;2014;Gasoline
Z358VD406;Subaru;748078;2008;Gasoline
U700XD049;Land Rover;700853;2019;Gasoline
J911VB275;Toyota;247724;2005;Biodiesel
Z396NW915;Dodge;259541;2012;Gasoline
D517WJ918;Ferrari;663504;2007;Liquified Petroleum Gas
R064YI068;Chevrolet;233834;2018;Liquified Petroleum Gas
A578VU633;Mitsubishi;372858;2001;Biodiesel
Q072KB883;Chevrolet;325679;2011;Diesel
B422MW730;Ford;294626;2019;Biodiesel
N249BY037;Cadillac;914577;2010;Biodiesel
Q124IG069;Nissan;779101;2018;Liquified Petroleum Gas
A443NA309;Volkswagen;506118;2017;Biodiesel
W630GO264;Toyota;617505;2005;Liquified Petroleum Gas
E462IQ137;Pontiac;619597;2000;Compressed Natural Gas
K104SP793;MAZDA;220916;2019;Diesel
C635BC937;Kia;752947;2003;Biodiesel
G261TV127;Volkswagen;948035;2007;Diesel
O280NA514;Honda;556339;2008;Biodiesel
Q012JT365;Chevrolet;988402;2009;Hydrogen
F000KZ842;Chevrolet;209751;2017;Hydrogen
Y013SR943;Nissan;9900;2016;Biodiesel
Y003RB779;GMC;338958;2011;Compressed Natural Gas
S037XR388;Chevrolet;358273;2007;Gasoline
E404XT280;Ford;305647;2009;Gasoline
X102PY865;Volkswagen;886366;2018;Ethanol
O291GY601;Lexus;651793;2014;Gasoline
U816MO043;Toyota;590032;2013;Hydrogen
P284RQ903;Ford;13980;2002;Hydrogen
A648BD274;Nissan;472419;2002;Diesel
Z027AH852;Tesla;61883;2008;Biodiesel
A688AY264;Audi;233754;2019;Hydrogen
H514GR826;Pontiac;178235;2003;Biodiesel
E403KI201;Mercedes-Benz;322327;2004;Diesel
H204OP248;Dodge;663237;2011;Liquified Petroleum Gas
G574FC689;Toyota;189486;2008;Liquified Petroleum Gas
S886PK075;Hyundai;859370;2011;Biodiesel
A611AZ031;Dodge;421304;2006;Hydrogen
I488OK389;Buick;663577;2000;Hydrogen
L604TO531;Chevrolet;394403;2012;Compressed Natural Gas
