Bryan;Jackson;59;4434358827167;1979;3.43;Minivan
Mark;Anthony;34;7955843648647;2017;3.22;Economy
Julia;Williamson;83;7878917558345;2020;4.92;Special
Laura;Thompson;45;0134969045056;1973;4.64;Economy
Erin;Hinton;88;4301972570680;1996;2.08;Child
Jonathan;Smith;80;5725176210157;1970;3.3;Comfort+
Marcus;Hinton;78;9594679011046;1993;3.65;Child
William;Coleman;25;4414200075851;1989;1.26;Special
Elizabeth;Hoffman;63;6954106867063;1977;2.83;Business
Eric;Rowe;46;9617419760263;2004;2.74;Special
Patrick;Johnson;38;8289921850570;1987;4.85;Business
Gregory;Moore;24;1693771220702;2020;3.71;Special
Megan;Gomez;60;0257857680686;2011;3.78;Business
Sheila;Smith;63;0636393037521;1985;4.84;Comfort
Sergio;Contreras;92;9334707148422;1994;3.74;Business
Cheryl;Davis;20;8083641242014;2016;3.23;Minivan
Courtney;Lopez;24;1492193196535;1994;3.57;Child
Daniel;Patrick;71;4427795392407;2014;4.94;Business
Latoya;Mosley;71;2378199740780;2018;4.08;Child
Rachel;Sullivan;43;2656829650955;2019;2.64;Business
Timothy;Patterson;81;5557152921696;2009;2.59;Child
William;Mercer;28;6025474227691;1981;3.47;Child
Tracy;Davis;78;9470484836009;2016;1.76;Economy
Katie;Ferguson;39;3070918717397;2019;4.53;Comfort
Sheila;Johnson;30;5984207975379;1970;3.78;Comfort+
John;Crawford;99;7613369944881;1982;2.77;Minivan
Emily;Rosales;26;2183644611613;1985;2.14;Economy
James;Zamora;42;2589290458860;2000;2.76;Comfort+
Sarah;Whitaker;50;6849104711210;2017;2.5;Child
Jacob;Santana;34;5377716863980;2019;4.38;Economy
Amy;Silva;34;8884636442209;1986;1.54;Child
Thomas;Wheeler;66;5075127981821;1992;3.81;Business
Jennifer;Green;19;2806341641088;1991;2.95;Comfort+
Brandon;Gibbs;88;3432074340573;1995;4.48;Special
Andrew;Mclaughlin;64;3725507485170;1989;2.63;Child
Dean;Johnson;83;0985837549636;2013;3.0;Minivan
Tiffany;Dixon;92;6483229461395;1999;1.43;Comfort
Juan;Curtis;76;7219937624144;2020;1.19;Child
Rachel;Ingram;91;7934810453334;1991;2.86;Child
Michael;Jackson;57;9904900446985;2012;3.04;Business
Sarah;Robbins;31;2302988241337;1990;4.72;Minivan
Olivia;Green;53;0069913054640;1978;1.77;Comfort
Amanda;Jarvis;19;5154456929011;2002;4.11;Economy
Sean;Foster;39;4477617444330;2015;2.89;Economy
Heather;Mills;94;1452229808491;2005;3.2;Comfort
Deanna;Moses;83;0026147826017;1996;3.83;Comfort+
Alison;Roach;41;1162224911252;1978;4.13;Comfort
Maria;Stanley;40;7995937151180;2012;2.28;Comfort+
Bradley;Stevens;52;3560599295397;2017;1.69;Business
Ryan;Johnson;28;1643106478796;2021;3.1;Economy
Kellie;Smith;83;6373200000395;2021;2.7;Business
Richard;Carter;47;9396595329157;1974;2.27;Special
William;Adams;39;1667536229123;1973;3.77;Comfort+
Megan;Thomas;31;6477997851121;2000;2.57;Comfort
Karen;Riley;47;9259061441686;1990;2.11;Business
Alicia;Lewis;33;1725571604166;2003;2.33;Minivan
Kathy;Wheeler;55;0091009884144;1991;4.72;Economy
Melissa;Marshall;35;6280717618557;1972;1.43;Comfort
Karen;Todd;29;2149055212979;2003;1.52;Comfort+
Lori;Garza;60;5038795425970;2018;3.86;Economy
Justin;Shaw;95;8350116253320;2019;3.84;Child
Daniel;Murray;88;6189272337901;2001;4.5;Special
Thomas;Sanchez;51;8463462009021;2002;4.18;Minivan
Diana;Jennings;90;7703728261002;1971;3.79;Minivan
Scott;Green;54;4110542367355;2008;2.73;Comfort+
Troy;Kim;75;8624531989148;2005;4.31;Comfort
Edward;Parker;95;4145440610176;1970;1.65;Comfort
Teresa;Contreras;84;5310830182363;2019;4.8;Comfort+
Richard;Stewart;88;6702092078323;2006;2.23;Comfort+
Joe;Williams;87;9218186693390;1996;4.87;Special
Michelle;Wagner;84;6312423423767;2001;4.07;Comfort+
Amanda;Stephenson;59;9535675669756;2020;1.75;Child
Edward;Morrison;53;3947438098349;2019;2.17;Economy
Amber;Gray;59;5228907824226;2020;2.08;Child
Dennis;Kelly;54;0004623336549;2004;2.43;Child
Christopher;Chambers;80;4641269096367;2003;4.47;Business
Michael;Lopez;70;2037820515127;2004;1.04;Business
Sean;Reid;38;8090747354996;1993;4.85;Comfort+
Daniel;Cook;74;0264366717768;1985;3.65;Comfort
Adrienne;Dunlap;19;2187462273682;1994;3.84;Comfort+
Alicia;Kelly;54;1782806271794;2004;4.75;Comfort
Isaiah;Haney;85;3736638802321;2012;2.67;Comfort
Jason;Foster;59;6119961635058;1992;4.6;Comfort
Autumn;Diaz;93;5141530919446;2018;4.56;Economy
Jose;Ewing;84;8296183060554;1997;3.03;Business
Brian;Thomas;75;5892751392584;1987;4.72;Economy
Susan;Thomas;95;9433456954042;2002;2.49;Comfort+
Julie;Wright;97;7089714637348;1983;4.45;Business
Michael;Grant;64;2047886958436;2015;4.97;Minivan
Benjamin;Johnson;55;2460113417539;2021;3.09;Child
Monique;Mccarthy;86;1065393924770;1998;3.03;Child
Lisa;Wall;83;3311482946210;2005;3.3;Business
Alexander;Bryant;50;0028201854296;1997;2.5;Minivan
Martha;Horton;95;2329020505597;2020;2.39;Economy
Linda;Becker;86;9910193393032;1997;1.74;Comfort+
Mary;Burns;25;8264851508694;1989;4.63;Economy
Erica;White;34;0956550597081;2015;3.86;Minivan
Todd;Wright;19;4320778379089;1991;3.21;Business
Natalie;Peters;76;9337400112379;1988;1.24;Comfort
Jesse;Hood;64;3648936816964;1994;2.07;Minivan
Jeremy;Moore;77;0250883410891;2012;2.53;Business
Kevin;Hoffman;20;6370873686717;2011;1.26;Comfort+
Michael;Perkins;30;9184700665574;1994;3.63;Economy
Joseph;Fields;60;0315918637901;2023;3.18;Business
Bradley;Nelson;38;5294322272605;1973;2.75;Economy
Garrett;Bender;71;7529390049429;1993;4.18;Economy
Michelle;Schneider;42;8007245355358;1982;1.71;Special
Lindsay;Ford;67;0127342360663;1990;1.43;Comfort+
Candace;Hansen;25;7509308309354;2017;2.52;Comfort+
Jose;Schroeder;42;7762112500963;1984;1.48;Economy
Peter;Watson;49;3182351091599;2001;2.43;Business
Manuel;Silva;67;3142075931698;1980;3.69;Special
Erik;Dudley;72;2367789838013;2000;3.65;Economy
Brooke;Espinoza;39;4424319571251;1971;3.81;Special
James;Allen;59;5466256015474;1983;3.48;Special
Pamela;Parker;59;0826645137686;1973;1.33;Special
Roberto;Chase;99;0692398221456;1977;3.52;Business
Jeffery;Coleman;24;4925182247486;2014;3.31;Special
Elizabeth;Haas;76;7366072522837;2006;3.11;Child
Abigail;Sanders;80;5802253641067;2001;4.26;Minivan
Scott;Frazier;73;9583259285042;2005;2.05;Comfort
Brian;Holmes;51;9894773014798;2018;3.4;Special
Alyssa;Hale;63;6843945019487;2020;4.32;Minivan
Amber;Jacobs;27;4034788675947;1971;3.57;Business
Alexander;Brown;91;8294755191110;1993;2.03;Comfort+
Sharon;Chaney;40;9906828033192;1982;2.13;Child
Michael;Cruz;69;6084690359005;1993;4.04;Comfort
Candice;Henderson;30;6829961516800;1970;1.82;Child
Jenna;Turner;77;0308353960166;2003;1.83;Economy
Cory;Hicks;71;6444324013927;1988;1.29;Economy
Isabel;Frazier;68;1692433298570;1995;1.07;Minivan
Kelsey;Wilson;20;1513132954699;1995;2.88;Special
Nicholas;Mckee;98;3700530575306;2004;2.36;Business
Thomas;Burton;54;0719817730925;2009;4.15;Child
Levi;Phillips;76;8715647317387;1991;1.8;Comfort+
Richard;Pugh;71;3938702712754;2006;3.25;Comfort
John;Wallace;86;4981193505343;2014;2.49;Special
Jennifer;Bowen;52;4184309818547;1985;3.56;Comfort
John;Anderson;73;0866299999197;1980;3.15;Comfort
Valerie;Jones;83;2460055249032;1980;4.01;Comfort
Tyler;Ramirez;23;7951293930822;2011;4.95;Comfort
Michelle;Jackson;69;0168604811506;1985;1.94;Child
Jennifer;Mathis;42;2771601614672;1993;3.8;Child
Deborah;Turner;29;9996125099217;1974;1.97;Special
Alexis;Thornton;31;9730744442010;1979;1.03;Minivan
John;Chambers;81;4627758960609;1993;1.12;Minivan
Alexander;Williams;48;2039121880705;1997;1.74;Comfort+
Justin;Chase;43;2664323652016;2013;2.49;Business
Jonathan;Brown;41;3037375997568;1998;3.86;Economy
Jenna;Williams;89;0892043798261;1979;2.01;Comfort+
Lauren;Nichols;50;6977458240706;1973;3.42;Business
Jessica;Conrad;48;6337340105949;2018;2.83;Economy
Brandi;Morris;49;5830181235153;2009;2.46;Comfort+
Olivia;Bennett;35;8564121823967;1974;4.99;Economy
Karl;Thomas;66;1551327804002;2007;4.67;Business
Dominic;Ramirez;65;3023873990675;2000;3.39;Business
Chris;Henry;87;6196494319271;1994;1.41;Minivan
Christopher;Lewis;18;9857012880000;2008;3.11;Minivan
Mary;Valdez;73;5027083805966;2012;1.96;Comfort+
Carrie;Levy;50;3938954021761;2011;2.52;Minivan
Cathy;Johnson;66;9227044554819;1985;3.28;Economy
Natalie;Reyes;83;9975904993351;2022;2.51;Business
Dalton;Miller;56;2291941593205;1981;4.78;Comfort
Christopher;Johnson;74;9734102572306;1991;3.51;Comfort
James;Evans;20;6452457387443;2020;3.59;Comfort+
Deborah;Jackson;38;3856945402043;2005;1.81;Child
Brian;Franklin;63;5415040409341;1997;1.99;Business
Joseph;Acevedo;53;6739162405102;2000;1.37;Business
Jessica;Callahan;54;2075499441142;1989;3.34;Comfort
Kelly;Anderson;57;3316901127078;1979;4.94;Economy
Jared;Townsend;23;3580691708107;1996;3.11;Comfort
James;Barnes;95;1846056076449;2009;4.32;Child
Ryan;Hansen;64;9125832672005;2016;4.36;Minivan
Alexis;Williams;93;0498418590543;2007;1.53;Business
Andrea;Harris;70;8965647951455;2015;2.8;Comfort
Joseph;Young;65;8889413181402;2021;1.23;Comfort
Jane;Williamson;39;0648244741632;1983;1.69;Special
Edward;Jones;74;8668232693920;1988;3.58;Special
Philip;Olson;26;5256544305875;1970;4.69;Minivan
David;Fields;23;4712989529411;1994;3.34;Business
Nina;Shaw;55;3451201520101;1988;1.26;Child
Kathryn;Jackson;49;0955459531904;1998;2.49;Comfort
Sarah;Holder;57;7360453136508;1971;3.38;Business
Stephen;Reed;95;5033308250099;2021;1.31;Economy
David;Robertson;66;2398188887779;1981;2.56;Comfort
Phillip;Clark;19;7553295758888;1999;2.89;Special
Monica;Graham;69;1169585461627;1971;4.65;Minivan
Heather;Rasmussen;23;0089774971294;2005;3.82;Child
Anna;Allison;61;5942968445827;1977;2.37;Child
Joshua;Savage;36;3897849685152;2006;4.81;Comfort+
John;Fernandez;87;9586394986051;1975;4.85;Economy
Rachel;Fitzpatrick;47;8726936424772;1982;3.7;Special
Veronica;Clark;50;9577712058227;2001;1.63;Special
Richard;Brown;98;9686250618214;1998;3.6;Comfort
Alicia;Ellison;22;1075546504853;1995;3.04;Child
Michael;Burch;39;8772648603370;1988;3.34;Comfort
Roy;Wong;24;5783436286293;2023;2.34;Comfort
Carmen;Miller;28;4451436100629;1982;2.37;Minivan
Brandon;Curtis;82;8287836382381;1983;1.25;Business
Theresa;Holmes;75;2784282948966;1976;2.22;Comfort
Sarah;Miller;27;3996224901646;1988;1.89;Minivan
Taylor;Barnes;37;5713575419502;2011;3.07;Special
Anthony;Moore;79;7949221987164;1972;1.72;Comfort
Michael;Hardy;30;2780234090647;1974;3.72;Business
Richard;Reeves;40;1645626182350;2014;1.56;Special
Rachel;Mcdowell;64;2264920585973;1993;3.33;Business
Jaime;Holmes;49;1887389255854;2002;4.79;Comfort+
Joseph;Brennan;84;6544103980046;1976;3.78;Economy
Emily;Edwards;63;4090462207230;1983;3.53;Economy
Kevin;Foley;46;2952275512723;1983;4.42;Business
Deborah;Moore;45;9840475181271;1996;4.93;Comfort+
Samuel;Jackson;79;6617995270071;1994;2.27;Special
Cindy;Ramsey;55;3239573791936;1981;3.92;Comfort+
Jesse;Holmes;41;1484486842330;2003;3.35;Economy
Laura;Wall;26;2599413925242;1990;4.02;Comfort+
Michelle;Monroe;33;6631697544328;1984;3.63;Comfort+
Jeremy;King;58;4184511831387;1992;4.1;Business
Kevin;Mack;61;2458377207830;2002;2.79;Comfort
Robin;Baker;52;8463760797263;1970;2.32;Minivan
Julie;Copeland;67;4966957333111;1990;2.79;Child
Zachary;Moore;62;8263043898387;1981;1.99;Comfort+
Brenda;Garcia;49;2120945184336;1982;2.31;Comfort
Justin;Farmer;86;9788698513030;1984;1.83;Economy
Lori;Williams;23;0655628098829;1986;4.64;Comfort+
Terri;Klein;47;3052586828717;2014;2.63;Business
Christopher;Burch;33;8990624172886;2018;1.91;Minivan
Robert;Gardner;40;5129970499555;1993;2.98;Comfort
David;Braun;31;0708886820833;2001;3.72;Special
Wendy;Norman;37;4894476111200;1999;2.55;Minivan
Lynn;Hale;95;5502281119898;1988;1.89;Comfort
Mark;Cummings;19;7913677322793;2006;2.54;Comfort
Tony;Owen;19;9797904409851;2008;4.82;Special
Laura;Lee;29;9598335894893;1971;3.49;Special
Nathan;Wilson;80;1495877123266;1992;3.96;Child
Karen;Garcia;46;2576525460685;1988;1.53;Special
Stephanie;Gibson;81;9789776728523;1996;2.37;Special
David;Edwards;99;4289895564988;1981;3.38;Business
Julia;Gonzales;37;6645425594940;1973;4.27;Comfort
Robert;Mcmillan;48;9195016275990;1972;1.59;Economy
Eugene;Cantrell;86;2669551678137;1977;2.83;Minivan
Adam;Gray;92;1710015474907;1990;2.29;Business
Jill;Gonzalez;62;8020090889392;2002;2.38;Special
Zachary;Simmons;40;3543377120007;2022;2.75;Economy
Dustin;Cruz;74;6361958058860;1997;4.43;Minivan
Leslie;Anderson;84;9235929224340;2023;1.01;Minivan
Kenneth;Richmond;95;2573147039537;2018;2.71;Child
Brian;Johnson;83;7704484017769;1978;3.65;Comfort
Alexis;Bryant;81;8854346709651;1997;4.26;Child
Steven;Porter;59;2858799910378;1975;2.73;Economy
Cynthia;Ewing;40;3863723589301;2016;4.28;Special
Shane;Baxter;59;6558650156984;1977;4.46;Minivan
Mark;Freeman;92;9043365848700;2023;2.23;Comfort+
Gary;Simon;77;1013060383640;1971;2.49;Economy
David;Miller;64;5611424839728;2004;1.13;Comfort+
Larry;Scott;62;7607758835099;2008;3.39;Economy
Julie;Miller;60;8357802666703;2000;2.54;Child
Rebecca;Dawson;45;2926238484565;1994;4.16;Business
Jason;Barnett;95;6514028025220;2003;1.39;Comfort+
James;Pollard;34;9158098676661;2017;4.64;Economy
Matthew;Carter;57;8181951677383;2018;2.55;Minivan
Meghan;Molina;92;7318638700713;2003;1.6;Comfort
Robert;Cervantes;55;2235373706684;1973;1.5;Business
Maria;Graham;78;8819029300237;1975;2.85;Special
Evelyn;Glenn;44;1279602810773;2015;1.28;Economy
William;Anderson;34;0643821732321;1993;1.02;Economy
Dennis;Williams;91;2161273464408;2006;4.7;Minivan
Todd;Garrison;72;4659413827549;2020;4.21;Child
Robert;Chandler;47;7853990622427;2018;4.57;Comfort
Jacob;Johnson;31;5620064644875;1977;3.94;Comfort+
David;Dougherty;58;6426688969695;1982;2.66;Minivan
John;Love;81;7384560865395;2020;2.41;Minivan
Wesley;Bates;46;2030349147226;2016;1.67;Business
Marco;Rogers;73;6428177343946;1972;4.89;Business
Luke;Chapman;83;5667687469151;2010;3.08;Special
Richard;Johnson;27;9954231111332;1989;3.1;Comfort+
Alexis;Ramos;20;3372151050857;1985;3.42;Business
Kristen;Dickson;86;5741864005109;1996;4.18;Comfort
Kaitlyn;Johnson;99;7858818566664;2011;3.64;Comfort
Lance;Mills;73;6335172741900;1990;4.44;Comfort
Kayla;Walsh;79;4427591121132;1981;2.58;Economy
Anthony;Charles;65;2776308026196;1980;3.98;Special
Adam;Porter;58;2542894709975;2021;1.15;Comfort
Brandon;Oliver;72;0634470057434;2004;2.12;Comfort
David;Trujillo;56;2072850662091;2009;3.11;Business
Courtney;Vasquez;25;6547235155502;1994;3.92;Business
Rachel;Brown;23;5601835534507;1970;1.35;Business
Nancy;Ballard;26;3353549012226;1979;2.79;Child
Willie;Luna;52;8489293743306;1974;4.69;Special
Kevin;Holden;49;1091387701610;1997;2.39;Business
Nicholas;Davidson;79;7539249782942;2019;1.78;Child
Mariah;Cooper;31;6552931716166;1971;3.76;Minivan
Erin;Zavala;96;4579454495770;1971;1.72;Special
Jonathan;Foster;39;7277156124177;2013;1.93;Special
Edward;Obrien;96;6031350490209;1974;4.33;Child
Colton;Howell;54;6481948535664;1998;3.96;Special
Mark;Morrow;67;1866237002800;1989;1.52;Child
Diana;Brown;80;7910656441121;1981;4.66;Comfort
Charles;Johnson;70;3149497088046;1995;2.66;Business
Jenna;Johnson;85;8239238025140;2003;2.46;Minivan
William;Rogers;67;9317093565526;2000;1.44;Comfort
Sean;Williams;35;3788641670661;2014;1.8;Comfort+
Tabitha;Barrett;67;4684513048005;1995;2.95;Special
Billy;Frazier;34;7663297806762;2004;2.12;Child
Luis;Gallagher;77;3898221302770;1974;4.43;Minivan
Candace;Smith;71;4342731186300;1983;4.54;Minivan
Vickie;Perry;19;4180286033874;2013;3.46;Special
Emma;Richards;54;0183486359075;1988;1.88;Economy
Courtney;Howell;39;9690898262353;1990;4.28;Economy
Chloe;Smith;86;3806350970084;1988;4.87;Special
Eric;Castillo;20;1670995473098;2004;2.02;Economy
Diane;George;70;7742701191974;2004;1.02;Child
Spencer;Diaz;33;4659675052734;2005;3.79;Comfort
Krystal;Anthony;97;9290423624101;1990;1.34;Comfort+
Christopher;Morales;48;2515899381614;1997;2.8;Special
Terri;Myers;72;1857677067741;1980;2.27;Comfort+
Michael;Carter;68;1114923867001;1989;3.08;Economy
Steven;Silva;54;7178394897247;1995;1.66;Comfort+
Alicia;Hansen;36;7347573062066;2013;3.29;Business
Sean;Jackson;50;2577832800579;2020;3.6;Special
Steven;Hernandez;32;1149071800227;2013;2.89;Minivan
Amy;Wagner;41;5214857632128;1988;4.16;Business
David;Gomez;28;6527454417977;1985;1.42;Child
Michelle;Reid;40;6916569673261;1989;3.94;Comfort
Ian;Phillips;51;2330666204443;2013;4.77;Business
Elizabeth;Henderson;91;2467656444855;1998;3.97;Comfort
James;Green;40;4690347434949;2013;4.02;Comfort
Katie;Wall;90;0139907895163;2022;3.42;Child
Jeremy;Holloway;48;0473613175863;1971;2.57;Special
Denise;Rosario;79;5700701139615;1998;2.38;Special
Joshua;Willis;37;4303516164317;1989;1.9;Child
Christopher;Clements;86;1022705118599;2002;2.46;Special
Jill;Robertson;29;9907527966397;1975;2.34;Economy
Joshua;Perez;30;4779650657596;2003;4.06;Minivan
Parker;Case;72;1900663774282;2012;1.4;Comfort
Robert;Jones;98;8223586539703;2018;4.96;Special
Darren;Soto;97;8847398477197;1985;4.4;Economy
Matthew;Shaw;21;5772398793830;1997;2.59;Comfort+
Amanda;Parker;52;0409899889026;2021;2.43;Economy
Rita;Roberts;65;5225477702480;2004;4.91;Special
Jessica;Farrell;89;1377723275751;1997;3.51;Comfort
Scott;Meyers;32;7324468840260;2010;4.42;Economy
Rhonda;Jones;95;5948527239286;2009;4.9;Special
Sarah;George;21;2724950333762;1994;4.37;Special
Lori;Robinson;90;1355025479517;1978;2.3;Comfort+
Alan;Brown;79;0819159943542;1990;4.78;Comfort+
Donald;Moon;40;9501503863969;1985;4.28;Child
Theresa;Williams;70;9999789336669;1983;4.02;Business
Sheri;Riley;65;4530604272136;2010;2.47;Economy
Brandon;Campbell;56;9042665854130;2015;1.41;Special
William;Oneal;81;3887277222119;2015;1.66;Child
Timothy;Cox;95;5761079006305;2022;1.8;Child
Kim;Larsen;43;3624291873619;1985;2.95;Comfort+
Caleb;Keith;47;1941667763230;1988;4.52;Business
Victoria;Brennan;42;4498289378691;1994;4.74;Special
Ashley;Tran;20;5758486732124;1980;4.78;Child
Breanna;Peters;37;7714361949427;1982;2.4;Child
Russell;Holt;25;9230777903499;1972;2.01;Comfort
Manuel;Lewis;79;2269857114310;1975;2.55;Minivan
Kathleen;Bates;61;7641847909164;2008;4.47;Economy
Dawn;Baird;48;7074060396008;1991;3.03;Comfort+
Jonathan;Adams;54;8586767254384;2012;2.65;Economy
Roger;Charles;54;2536843473266;1977;2.23;Comfort
Gregory;Simon;76;9311629120161;1970;3.45;Business
Dylan;Coffey;38;7851515140823;2008;1.52;Special
Melissa;Le;74;6086646445868;1985;3.85;Economy
Gerald;Ward;49;9361527576904;2022;3.52;Comfort
Rachel;Diaz;46;5198538902665;2017;1.56;Comfort
Meghan;Martinez;60;1055846887309;2003;3.63;Special
Dustin;Barrera;72;3934157393782;2012;4.96;Child
Brian;Wiggins;98;9519322518578;1992;3.4;Economy
Jeffrey;Castaneda;99;2120104378053;1974;1.33;Special
Robert;Park;47;2561629699834;2022;1.93;Comfort+
Bryan;Harrington;43;3711080824120;2018;2.87;Comfort
Rodney;Castillo;34;3300145106249;1979;2.91;Business
Anthony;Johnson;72;5637893361320;2003;3.62;Minivan
Sean;Anderson;65;3139797119729;1997;3.47;Child
Kelly;Young;34;6599253376257;1994;1.21;Economy
Veronica;Davis;20;6223470914722;2009;1.71;Special
Tara;Patel;86;2249236513794;2001;1.57;Comfort
Timothy;Myers;92;4866963866289;1986;2.38;Comfort+
Marco;Saunders;21;8810865461791;1971;1.73;Economy
Debra;Mullen;61;4553077585836;2016;4.23;Comfort
Melissa;Turner;74;8639986232264;1981;3.7;Minivan
Jeffrey;Scott;32;9878363276736;2022;2.12;Minivan
Martin;Harvey;23;9124566148585;1991;1.08;Comfort+
Michael;Ray;62;8033374630441;1971;4.41;Child
Denise;Robinson;44;3895670197498;1978;2.98;Comfort
Dustin;Coleman;78;7104959911703;1979;1.82;Special
Megan;Carpenter;19;7313326675248;2016;3.67;Business
Carol;Edwards;42;0930280575381;1991;4.08;Business
Kelly;Wolf;90;7088781470025;1991;3.2;Business
Ryan;Rogers;62;1550431039923;2014;1.6;Economy
Nathan;Leonard;34;5538378831605;2006;3.35;Minivan
Michael;Stanley;43;5731200651441;1999;2.32;Economy
Stephanie;Evans;28;7697549954893;1989;3.62;Economy
Omar;Munoz;30;5278779812391;2005;4.59;Business
Sarah;Wood;75;9980717848812;2010;2.1;Minivan
Cory;Martin;73;0291017838695;2013;2.03;Special
Jennifer;Richmond;95;2777841739724;2000;3.46;Special
Shelley;Cooper;46;0844615109779;1979;4.53;Comfort
Jose;Watson;57;7822778891060;1971;2.23;Minivan
Tyler;Armstrong;68;4887487816239;2006;2.62;Business
Sheri;Williams;54;8020338271006;2015;2.1;Minivan
James;Valenzuela;42;9848922920022;2023;2.84;Special
Summer;Carter;47;8742617341718;2010;4.22;Special
Elizabeth;Parker;18;8750675112610;2005;2.72;Business
Ann;Rose;64;4014406191958;1971;3.46;Minivan
Alicia;Wiley;62;0795962485236;2019;1.43;Minivan
Rebecca;Rodriguez;93;8657800942578;2004;3.19;Business
Jeffrey;Kelley;82;9213346366010;2014;1.05;Business
Robin;Phillips;32;6363788676283;2009;4.78;Special
Bryan;Perez;88;3807374989635;2010;1.79;Child
Brian;Welch;64;5813022946686;1987;4.06;Business
Jared;Peters;67;2692223064682;2004;4.37;Business
James;Oliver;94;2379566635340;2006;1.31;Special
Angelica;Olsen;22;6665634956596;1972;2.62;Child
Christine;Gomez;80;4761729411310;2009;1.25;Business
Craig;Lopez;56;8989444393356;2022;2.66;Comfort
Jake;Morse;43;1747813198188;2001;2.21;Minivan
Abigail;Becker;39;7721205704163;1991;2.35;Child
Brianna;Smith;20;2104620278960;1975;1.23;Child
Sarah;Velez;65;8125528722577;2023;3.85;Child
Erin;Moore;82;3509404181747;1970;4.13;Comfort+
John;Walker;86;4884398648476;2003;4.13;Business
Joseph;Rogers;85;9696586368781;2007;3.55;Business
Shannon;Brown;25;7360963718518;1976;3.14;Minivan
Raymond;Lawrence;44;8480412152392;2019;3.2;Child
Kayla;Holt;88;7254439880469;2012;4.4;Child
Douglas;Smith;79;9551316228506;2019;3.75;Business
Cynthia;Sanders;74;0153870927556;2023;1.24;Minivan
Tyrone;Conner;43;7025589856086;1982;1.39;Comfort+
Mark;Anderson;91;1948913982818;1996;3.1;Comfort
Jasmine;Marshall;33;1866675598466;1975;2.6;Special
Joanna;Thompson;24;2319121281700;1992;4.2;Child
Megan;Williams;33;6185628921269;1986;1.19;Business
Todd;Herring;31;7663062177405;1977;4.52;Special
Lindsey;Cole;92;7241924165471;2016;3.27;Comfort+
Jenna;Campbell;49;2867113530692;1995;1.04;Minivan
Jeffrey;Burch;31;1716039515848;1976;4.51;Comfort
Allison;Moran;49;5588896550432;1996;3.5;Comfort
Maureen;Smith;57;6055294391304;2023;4.41;Business
Austin;Lewis;32;3625318461557;2008;2.74;Comfort+
Deborah;Prince;97;8213922747966;2002;3.26;Comfort
Sandra;Woods;29;8084857598108;2017;4.43;Child
Joseph;Morrison;43;5054141511118;1982;1.65;Comfort
Danny;Anderson;61;9864942790818;1984;1.22;Business
Joseph;Walker;28;8170209972864;2001;2.54;Economy
Michelle;Skinner;51;2091230988850;2016;2.57;Comfort+
Rebecca;Bryant;44;8689698077912;2022;4.29;Comfort+
Amy;Lopez;74;7760132113477;2012;2.49;Economy
Shawn;Mcdaniel;93;9622301506671;2008;4.58;Comfort
Connor;Martinez;97;8156785633740;2018;3.8;Special
Sonya;Adams;73;3245587382165;1998;3.14;Economy
Shawn;Wells;62;4414172261555;2003;3.57;Special
Andrew;Lam;33;9358927780547;1982;4.01;Child
Amanda;Johnson;76;0867667328299;2011;2.07;Child
Matthew;Patterson;75;9655526367066;2016;3.08;Special
Michael;Banks;29;0175938920679;1987;1.42;Minivan
William;Sullivan;24;3942325924016;1986;2.37;Comfort
Robert;Greene;46;1904168815518;1977;3.44;Economy
Crystal;Martin;70;9722147471000;2010;4.6;Business
Patrick;Hudson;71;0323368867409;1983;3.81;Minivan
Jeffrey;Michael;30;8858858253071;2010;1.97;Child
David;Cole;61;9351981285039;1979;1.48;Child
Lori;Walker;60;1067121804183;1997;3.73;Special
Lindsey;Simpson;52;3966931326039;2009;3.61;Economy
Thomas;White;44;1896877728012;2022;2.51;Child
Samantha;Jones;32;9088031245627;2023;4.29;Special
Sandra;Taylor;26;7425312701771;1982;1.46;Business
Lacey;Young;26;2849307341018;1991;4.31;Child
Brian;Thomas;94;5313128772707;1986;4.27;Economy
Christopher;Larsen;18;6247233589810;2023;1.2;Business
Rachel;Smith;72;4504182496988;2020;3.74;Comfort+
Jasmine;Villegas;93;2045650115472;2003;3.64;Comfort
Amy;Johnson;80;6715413374598;2009;4.0;Comfort
Lisa;Lucas;41;7709871889422;1982;3.07;Comfort+
Michelle;Brooks;98;9299877655525;1988;3.58;Comfort
Darrell;Henry;95;6930380512086;1981;4.94;Comfort
Morgan;Johns;40;1575148880516;1975;2.49;Minivan
Scott;Chang;96;5585423048547;2002;2.16;Comfort
Patricia;Barton;63;5402043293169;1975;4.76;Special
Clinton;Allen;60;4096011214294;2016;1.33;Economy
Laura;Keith;33;8913861671322;1988;2.23;Economy
Austin;Espinoza;30;2822975546193;1977;3.52;Economy
Kelly;Herrera;71;0676767989788;2017;4.73;Minivan
Brian;Munoz;79;5834784428214;2001;2.36;Comfort+
Jennifer;Sawyer;32;5606281426052;1988;1.18;Minivan
Jamie;Curtis;71;6840994457391;1991;4.24;Comfort+
Samuel;Ramos;85;8448391562805;1970;1.15;Special
Taylor;Palmer;70;6890844021678;2005;3.71;Special
Barbara;Savage;30;5088124666445;1970;3.97;Comfort+
Jon;Richardson;62;7245472301288;1973;4.9;Child
Jennifer;Wang;93;3858674088186;2010;2.94;Economy
Felicia;Schwartz;91;8918736515014;1977;1.93;Comfort
Megan;Rodriguez;50;1642147643354;1972;3.21;Child
Kevin;Russell;23;0427005554222;1978;3.09;Comfort
Dawn;Riddle;38;6902579654891;2013;1.22;Comfort
Richard;Pena;28;0912415696755;1982;3.7;Comfort
Dawn;West;49;6670646574966;2010;4.16;Economy
Phillip;Miller;73;3086423831146;1992;1.42;Business
Christopher;Nicholson;59;0307608389292;1981;3.33;Special
Jeffrey;Chapman;46;6870187125364;2004;1.94;Minivan
Roger;Cooper;77;1731411753726;2007;2.34;Comfort+
Jessica;Rice;62;3351979633584;1993;3.79;Child
Kevin;Fleming;57;9304585679029;1994;4.19;Business
Jocelyn;Moore;86;8511303593934;2023;1.52;Comfort
Sean;York;52;1522280982431;2004;4.12;Special
Dawn;White;57;2316752961511;1989;4.36;Comfort+
Brenda;Henson;79;4510899834688;2000;2.66;Minivan
Beverly;Smith;97;0114106719336;1984;3.21;Economy
Karen;Flowers;86;1237804474081;1982;3.31;Business
Antonio;Andrews;69;4167975120064;1997;2.46;Child
John;Jones;79;2160671523493;1979;2.77;Child
Maria;Williams;53;5895682077215;1997;4.01;Comfort
Tanya;Scott;59;7737757283909;1970;2.11;Comfort+
Laura;Wiggins;78;6611820503640;1980;1.04;Minivan
Jeffrey;Washington;23;0614140609500;2021;4.18;Economy
Nicole;Davis;84;6282703908042;1998;3.07;Special
Joseph;Morgan;63;9807788180886;1991;2.9;Comfort+
Shane;Williams;37;9980791618996;2014;1.18;Comfort+
Mariah;Irwin;67;0272406463582;2020;4.57;Minivan
Courtney;Sawyer;80;7463031449730;1980;3.8;Comfort
Ruth;Beard;64;1108476233119;2018;1.91;Economy
Patricia;Ho;84;0481153656997;2011;2.61;Economy
Anna;Luna;69;2785147148003;1987;1.37;Business
Chris;Weber;67;1386500571301;2017;2.58;Special
Kristen;Horton;85;8864635012325;1971;4.45;Comfort
David;Pham;23;7636317520768;1994;2.78;Business
Patrick;Anderson;98;9678866973130;2008;2.84;Comfort
Louis;Kane;50;1379168704260;2019;1.38;Comfort+
Kerri;Smith;68;1008074539707;2016;1.87;Comfort
Jesus;Hooper;35;8063795165974;1979;1.48;Child
Laura;Hall;87;4548714907368;2008;1.17;Minivan
Alexis;Alexander;63;9578557678901;1987;2.05;Comfort+
Joshua;Lopez;91;7803078064940;1978;1.67;Economy
Matthew;Stevenson;63;0142250095004;2021;3.29;Special
Travis;Smith;94;6894472628701;1980;2.01;Comfort
Christopher;Hughes;68;0257182653398;1994;3.36;Child
Patricia;Young;45;3557714090557;2010;3.87;Economy
Patrick;Ward;24;0468455401631;1980;2.52;Minivan
David;Blevins;26;3539038178011;1987;1.87;Comfort
Kevin;Jordan;19;8450619341413;1977;2.55;Child
Sarah;Vasquez;44;9816878179765;1973;1.63;Economy
Richard;Strong;62;4996716209091;2019;4.33;Minivan
Julia;Rich;76;3544108481075;1980;1.25;Business
Christopher;Peterson;54;6394076202526;2005;3.82;Minivan
Anthony;Dunn;32;3404756679158;2012;1.81;Minivan
Ivan;Wilcox;85;6785897944232;2001;1.15;Comfort+
David;Scott;83;1692064144147;2002;2.46;Child
Michael;Richards;90;9387068440087;1985;2.89;Minivan
Robert;Sanchez;93;2473182513571;1973;2.51;Economy
Roy;Garza;60;9275190505486;2011;2.28;Business
Preston;Robbins;50;3632136065932;1985;4.8;Comfort
Isabel;Avila;26;9139514755438;1979;1.96;Minivan
Lori;Patterson;87;6879041400306;1973;2.7;Comfort
Johnathan;Christensen;59;5324964902756;1983;4.37;Special
Steven;Strickland;36;4896069412101;2002;1.27;Comfort+
David;Hicks;22;8959125413102;1991;1.47;Business
Julie;Daniels;98;5149759503469;2018;3.69;Special
Jason;Dillon;54;5811951570431;2021;3.86;Business
Julie;Vaughn;65;8051332042683;1973;3.66;Child
Kimberly;Smith;77;8885874705645;1982;1.62;Comfort
Matthew;Fernandez;67;3971922641003;1975;1.79;Business
Paul;Stevenson;94;9129550830820;2000;1.8;Comfort+
Seth;Williams;81;6961788610391;1987;2.54;Business
Jennifer;Nunez;63;4404112532150;2004;1.23;Economy
Russell;Smith;23;0773829579197;2018;4.91;Child
Laura;Harris;23;9870322275886;2003;3.15;Child
Katrina;Lewis;99;2214922641316;1991;4.29;Comfort+
Tanner;Stark;56;5281576301134;1974;3.05;Special
Joseph;Diaz;38;3054273871865;1974;2.45;Minivan
Rebecca;Phillips;85;8258443982671;2014;1.52;Comfort+
Melissa;Jones;92;0513415148559;1971;3.25;Special
James;Hall;70;6396829001584;2011;4.12;Special
Matthew;Miller;51;3729924141420;2014;2.48;Minivan
Javier;Kelley;42;8405118918863;1995;3.7;Comfort+
Austin;George;33;9934863200723;2011;4.6;Child
Lisa;Mclaughlin;35;1472469982059;1970;4.35;Special
Louis;Terrell;92;0807127753518;2010;4.38;Business
Rhonda;Hester;18;5571500144957;2007;2.11;Minivan
Amanda;Page;84;1497792152931;1986;1.57;Economy
David;Wright;53;4252038277821;2002;4.65;Business
Timothy;Berry;28;4966054930736;2019;2.11;Child
Regina;Johnson;99;0058210541103;1985;4.77;Comfort+
Alexander;Mcknight;56;7736164805094;1978;1.74;Comfort+
Elizabeth;Moran;49;9269565859099;2017;2.6;Child
Jill;Parker;86;0189336660811;2011;1.95;Comfort+
Rodney;Scott;19;1921471372522;1981;3.09;Comfort+
Zoe;Anderson;69;7560251837298;2008;2.73;Business
Jack;Curtis;85;0180247874519;2000;4.12;Special
Eric;Hernandez;19;2196597443272;2004;1.71;Comfort
Jesse;Flowers;19;5619214325399;1984;4.35;Special
Michelle;Pace;92;6410701977534;2021;1.91;Minivan
Gina;Nguyen;95;2198428675887;1991;2.38;Minivan
Benjamin;Vang;79;7933940572529;1980;3.94;Comfort+
Cassandra;Green;57;1929573127497;1974;2.8;Comfort
Amanda;Jenkins;49;2156051950024;1986;1.2;Comfort
Karen;Black;48;1158981676939;1996;1.07;Special
William;Ross;83;8646082869469;1996;4.02;Business
William;Miller;82;8637045716914;1998;2.31;Comfort
Mary;Smith;30;6068001140882;2013;1.15;Economy
Kellie;Ashley;75;6085903572187;2016;2.25;Child
Melissa;Mcdaniel;78;3388725760656;1984;2.89;Comfort
Jordan;Davis;73;3182693960181;2015;3.52;Minivan
Misty;Franklin;78;6831549419723;1980;4.4;Special
Anna;Mitchell;56;8332036701243;1983;4.53;Comfort
Marilyn;Jacobson;39;6263785288496;1987;3.28;Business
Matthew;Castillo;42;0033694878341;1993;2.81;Economy
Michael;Lopez;99;3256404875675;2019;2.84;Minivan
Timothy;Sanders;23;3948885677496;2011;2.56;Comfort
Isabel;Flores;42;5993487060155;1973;2.97;Special
Cindy;Willis;59;5354292143562;2000;3.22;Child
Glenda;Smith;34;0973771290457;1996;1.95;Comfort
Andrew;Williamson;71;9142173196650;1994;1.38;Comfort+
Andres;Stevenson;78;2733567130225;1976;3.85;Child
Cody;Macdonald;77;1560716740991;1988;4.43;Child
Jackie;Fuentes;68;8908880833747;2015;4.83;Child
Katherine;Schmidt;33;7103402289627;1993;1.56;Economy
Kurt;Cunningham;81;7522957062407;2015;3.66;Special
Sharon;Bauer;68;4630733942125;1995;1.17;Comfort
Aaron;Lindsey;75;1157212816958;1998;2.63;Economy
Cathy;Davis;27;7365785772487;2018;1.95;Business
Melissa;Harvey;24;8058795745427;1974;4.12;Comfort+
Penny;Stanley;40;2986566688423;1988;2.4;Special
Sarah;Sanchez;49;2245625049897;1983;2.9;Economy
Madeline;Reyes;62;3847891676943;2012;2.76;Comfort
Charles;Brown;93;1514226456861;2003;4.63;Child
Mary;Taylor;66;2556561886481;2006;3.49;Child
Stephen;Brown;99;3931615756645;1990;3.39;Minivan
Phillip;Walsh;29;8148066249582;2003;4.7;Economy
Paul;Campbell;76;9047192638279;1981;4.76;Comfort+
Anthony;Manning;51;3752310477323;1995;4.01;Comfort
Regina;Singh;97;1086590496266;2018;2.95;Special
Kent;Ponce;68;2645656125409;2010;2.47;Comfort+
Angel;Patterson;90;5922618974511;2023;1.39;Economy
Heidi;James;21;3312489129089;2020;2.45;Comfort
Brooke;Smith;44;5536336701207;1992;3.23;Minivan
Christopher;Velez;50;7030835868817;1996;4.47;Child
Julie;Watson;57;8557717544655;2004;2.46;Economy
Erin;Leon;82;0370713054984;2011;1.69;Comfort
Teresa;Smith;86;3225821083152;1991;1.43;Comfort
Craig;Lee;51;6092255368293;1978;1.27;Economy
Samuel;Stout;87;6569510356552;2001;1.72;Minivan
Ashley;Clements;56;1577122708529;1982;1.52;Comfort+
Adam;Carter;64;8494644854541;1998;3.98;Business
Billy;Castro;76;8075426406822;1995;1.74;Economy
Bonnie;Fisher;87;8587060488941;1970;3.84;Business
Holly;Dyer;50;9170697401513;1993;1.24;Comfort
Tammy;Obrien;74;8508575884183;1993;1.15;Business
Lauren;Hayes;44;1724226496612;2014;1.7;Business
Natalie;Davis;57;5592114706398;2007;1.28;Business
Amanda;Jefferson;71;7013159477340;2005;1.79;Comfort+
Angela;Williams;40;8469415717648;1998;1.02;Economy
Troy;Gonzales;38;3998569606093;1998;2.72;Economy
Terry;Goodwin;33;9739804405993;1983;1.44;Economy
Stanley;Campbell;96;6106185379926;1990;2.94;Comfort
Mary;Carter;50;8746982621690;2014;2.64;Business
Christopher;Hurst;20;2351968190012;1973;2.98;Comfort+
Misty;King;66;4179683355115;2003;1.47;Economy
Maria;Russell;68;9058344113664;1991;1.13;Comfort
George;Cox;63;6517764857069;2016;1.5;Special
Michael;Andrews;68;8775503227063;2018;3.99;Business
Wendy;Edwards;33;0370297380420;1979;2.22;Comfort+
Pamela;Thomas;78;3186221570121;1972;1.14;Special
John;Mcbride;32;6571481672067;1992;3.92;Comfort+
Randall;Miller;41;1388668233692;2018;3.52;Special
Anita;Paul;26;6542264425923;2022;4.42;Comfort+
Erika;Randall;61;8860518072899;1996;4.03;Child
Kimberly;Bass;80;5898595558283;1986;2.35;Comfort
Mackenzie;Thompson;36;5623479457949;1975;1.25;Special
Brandi;Nash;89;3590229624647;2005;2.13;Business
Carol;Lopez;80;5861656875000;1974;3.73;Minivan
David;Patterson;92;3080814020788;2015;3.2;Business
Nicole;Smith;59;6746048098125;2007;1.82;Business
Wanda;Turner;19;2348160632189;1992;3.91;Business
Lauren;Williams;38;5815377614372;2007;1.12;Minivan
Nicholas;Brooks;18;2396012675639;1990;3.34;Business
Robert;Cox;31;7116971601030;1991;4.38;Economy
Robert;Pena;51;7499011798379;1986;2.02;Comfort+
Gabriel;Moore;69;7355032594131;1986;2.21;Special
Joseph;Powell;53;4670486607281;1978;3.39;Comfort
James;Avila;71;8483819085885;1975;3.93;Economy
Brenda;Jones;31;8469641401262;2016;4.11;Child
Michael;Green;74;9294110051957;1976;1.48;Minivan
Morgan;Sutton;65;4750505155653;1996;4.55;Economy
Jason;Guzman;55;4363628309711;1982;4.64;Comfort+
Elizabeth;Boyd;75;9867743873946;1987;2.91;Comfort
Francis;Wilcox;41;2886898554997;1995;1.23;Comfort
Keith;Herrera;73;8847418298360;2019;4.95;Comfort
Brian;Lopez;57;1327322834367;2003;4.72;Comfort
Tiffany;Carr;29;8238297600773;1972;1.0;Economy
Jodi;Lopez;37;8146830817353;1993;2.87;Minivan
John;Greene;30;3643751619690;2005;2.88;Comfort
Christopher;Smith;52;0063592207073;2006;4.65;Child
Kristina;Lewis;32;3807651380477;2011;3.5;Minivan
Andrea;Butler;97;4569585032484;2023;4.03;Comfort
Amber;Raymond;69;4751705545436;2002;4.74;Child
Pamela;Fry;95;4527399918026;1985;1.29;Minivan
Justin;Washington;36;4951854153873;1977;1.35;Special
Terry;Gray;31;7883150866377;1976;4.06;Special
Julia;Montes;86;8082082336366;1978;4.0;Minivan
Erica;Medina;90;3436814123877;1993;4.21;Special
Deborah;Rogers;47;8451266376468;1980;1.78;Economy
Michael;Davis;46;7633724362069;1981;2.79;Child
Stephanie;Macias;20;0766438302180;1978;1.34;Business
Deborah;Stark;18;3634226937707;1996;1.35;Special
Richard;Rodriguez;20;6655661298888;1995;1.03;Comfort+
Richard;Roberson;59;8293538450028;2008;3.52;Business
Rhonda;Barnett;70;7510847240534;1974;4.2;Business
Joseph;Johnson;77;1118165040725;2010;1.99;Business
Jennifer;Atkinson;60;6115667737448;2001;4.95;Economy
Linda;Cain;75;5483818872732;1986;1.54;Business
Jennifer;Greer;38;2302514349028;1977;4.52;Comfort
Heather;Williams;81;3663535931459;2003;4.06;Special
Kelly;Hart;79;1561324902579;2018;3.03;Economy
Taylor;Harris;22;6022933481184;1987;1.08;Comfort+
Timothy;Weaver;65;5443745210355;1972;1.04;Comfort+
Sarah;Mcpherson;76;4900660906638;1985;3.19;Comfort+
Kathryn;Huffman;27;9467671711929;2010;2.68;Minivan
Rodney;Juarez;83;9825715254177;2017;1.85;Business
Victor;Williams;40;6793536912599;1979;2.7;Child
John;Buckley;28;0098246620746;2002;4.24;Child
Thomas;Deleon;69;5046223660379;1985;1.97;Minivan
Nicole;Miller;80;4129596956513;2005;1.89;Business
Monica;Peterson;62;9239904523679;1985;3.24;Economy
Karen;Williams;29;9536467936598;2015;4.06;Special
Justin;King;86;0059389981651;2020;2.21;Economy
Eugene;Hernandez;73;5739053632441;2002;2.7;Comfort
Marcus;Oconnor;51;0154765126555;2009;4.58;Child
Gregory;Garrison;91;5789306148236;2012;2.71;Child
Loretta;Young;88;3854760976134;1970;2.66;Special
Joshua;Moreno;44;2557375398015;2017;4.75;Business
Jennifer;Richardson;83;9885702004563;2018;1.22;Special
Christy;Evans;90;8888906936270;2023;3.69;Comfort
Tara;Haynes;73;0200839492457;1979;2.34;Economy
Rebecca;Park;31;8039636342324;1988;1.5;Economy
Philip;Nelson;59;5274333876149;2015;2.83;Comfort+
James;Proctor;70;4946835809885;1982;1.04;Special
Scott;Harrison;56;7147160875142;1985;4.64;Comfort
Angela;Clayton;23;8206752877926;2016;3.06;Comfort
Matthew;Peters;76;3464874857158;1988;2.96;Minivan
Tina;Jacobs;44;9634733560631;1982;2.37;Special
David;Wade;40;7556295657421;1998;2.34;Comfort
Allison;Norton;64;4629629173757;1991;3.0;Economy
Douglas;Blackwell;99;8853598942727;2014;4.12;Comfort
Brad;Marshall;28;9259136197928;2012;1.78;Special
Nichole;Snyder;28;0948176257974;1998;2.14;Child
Henry;Wilson;24;9389773241434;2005;2.41;Child
Frank;Peters;89;3606362915408;2021;3.39;Comfort+
Stephen;Romero;93;3702626492700;2002;4.45;Business
Kendra;Lewis;94;0576817133906;2013;1.14;Comfort
Anthony;Miller;97;0213165338696;2022;3.57;Child
Jennifer;Gutierrez;42;5381976746136;2017;3.95;Special
Jaclyn;Powell;37;7577107774345;2014;3.01;Minivan
Taylor;Vega;19;9411493232544;2000;1.98;Comfort+
Michael;Richard;35;0011226583056;1998;2.54;Business
Charles;Bryant;80;8607071617292;1998;3.69;Comfort
Henry;Martin;31;9436676223459;1990;3.93;Special
Christopher;Garcia;82;6859047756224;2021;4.06;Comfort+
Regina;George;90;6295238762966;1985;2.54;Economy
Hannah;Hawkins;52;2259049363283;2004;3.86;Business
Valerie;Johnson;58;3031322919664;1974;4.51;Economy
Keith;Scott;81;0473005644691;2021;3.08;Business
Sylvia;Peters;64;4719699420276;1989;1.23;Minivan
Mark;Jones;76;6334748331321;1993;2.27;Minivan
Andrew;Martin;37;7099871197836;1970;3.53;Economy
Kara;Smith;76;5166587617205;1990;1.36;Child
Robert;Johnson;61;0727262526737;1992;2.25;Special
James;Davis;96;9786239013790;1976;3.47;Minivan
Michelle;Martinez;68;6796330373429;1992;4.61;Economy
Amy;Melton;52;6484603770033;2015;4.15;Special
Ryan;Schmitt;38;1977427995416;1976;3.71;Business
Kristin;Pacheco;78;2137846062511;1994;4.84;Comfort+
Mark;Simon;55;6430887534291;2013;1.5;Minivan
Anna;Schroeder;66;1639352676844;2005;2.02;Comfort+
Sara;Simmons;65;3960891337553;1987;4.76;Special
Samantha;Skinner;38;5224383276349;1972;2.8;Comfort+
Jamie;Gilbert;94;8709102745224;1999;4.88;Comfort
Kathryn;Gordon;86;6468261403638;1993;1.21;Minivan
Michelle;White;95;1929640577803;1970;4.0;Special
Scott;Randall;70;7754072342824;1988;2.23;Comfort+
Patrick;Ward;44;7718228396963;1979;4.26;Business
Matthew;Gilbert;59;2473879137071;1995;4.94;Comfort+
Theresa;Myers;48;6247297896967;1982;4.78;Comfort
Penny;Sweeney;94;3691010549986;1972;1.61;Minivan
Kayla;Thomas;36;9752929639340;1992;4.8;Economy
William;Newman;94;2456208857757;2022;1.41;Minivan
Elizabeth;Johnson;38;5969079972487;2012;4.12;Special
Monica;Barker;41;2863482799171;1996;3.47;Minivan
Crystal;Chambers;61;5987259798620;2015;3.72;Comfort+
Sharon;Snyder;32;3492366587728;2002;1.93;Business
Peggy;Smith;38;3024712624738;1970;2.77;Child
Keith;Ellis;41;4505750215718;2015;4.43;Economy
Sara;Simmons;97;4575941846084;1999;4.82;Comfort+
Caitlin;Hodge;52;7211427758748;1971;3.17;Child
Melissa;Frank;49;1941028588879;2016;4.44;Minivan
Nathan;Rangel;58;4312017184206;1987;4.51;Comfort
John;Cox;96;6963339429210;1988;3.03;Comfort+
Robert;Davis;85;1930408230334;2022;3.66;Minivan
Benjamin;Cobb;34;7358052686869;1972;2.5;Comfort
Mark;Huynh;64;0986589650451;1979;3.97;Comfort+
Dustin;Hall;48;8383250703884;1993;2.09;Comfort
Michael;Lopez;76;5382195560523;1974;2.81;Child
Diana;Morrow;88;6574024942795;2012;2.95;Economy
Anne;Harrington;97;9136032449364;1996;3.27;Special
Anna;Lee;86;0058221575082;2007;2.71;Comfort+
Katherine;Sparks;98;7061609773923;1991;2.54;Minivan
Dawn;Carter;43;1978172568437;1992;4.94;Comfort
Victoria;Sheppard;99;4449905559363;1990;4.33;Economy
Linda;Navarro;49;1992483944234;1985;2.69;Special
Frank;Taylor;34;3150925078306;1992;2.17;Comfort
Nicholas;Mccarthy;81;2964805978927;1993;3.47;Special
James;Franklin;73;5158452864524;2017;2.98;Comfort+
Heather;Pierce;26;2797295614596;1995;2.19;Child
Brianna;Moore;56;9687951091100;1992;3.07;Minivan
Raymond;Haney;27;4393480929509;2004;4.07;Child
Riley;Beck;45;4327587992480;1979;1.87;Special
Michael;Delacruz;68;0313195820267;1995;1.6;Business
Ellen;Kennedy;49;9619440773542;1994;2.32;Special
Regina;Garcia;81;9977273874274;2019;4.76;Business
Luis;Olson;56;8223757329547;2023;3.4;Child
Michael;Ross;98;4146993024608;1972;2.82;Minivan
Katherine;Miller;65;3066439762963;2002;3.58;Minivan
Adam;Roth;76;8855046295455;2020;3.8;Economy
Mary;Sharp;75;8507097354069;2019;4.7;Comfort+
Patricia;Cherry;93;8176146069313;1975;4.21;Economy
Alex;Robertson;74;9101056553022;2022;3.6;Minivan
Kristin;Garcia;57;2294435526558;1987;3.72;Child
Ashley;Mason;73;4366594210847;1990;1.47;Business
Kathleen;Chavez;93;0195004968028;1978;1.08;Special
James;Sanchez;83;9794990789340;1987;2.47;Minivan
Kimberly;Martinez;37;8289139281186;2013;4.41;Comfort
David;Santiago;28;9961478795525;1992;4.25;Economy
Rachel;Reid;40;5554839566094;2018;3.99;Minivan
Timothy;Kim;93;6151291141927;1998;2.98;Special
Julia;Kelly;67;6597672592643;2005;1.6;Economy
Carrie;Santana;93;2606858779847;1978;2.17;Comfort+
Wendy;Guerrero;78;3949035884312;1989;1.74;Comfort
Victor;Morgan;97;8356662709065;2009;1.44;Business
William;Ryan;60;2193421896090;1985;4.78;Special
Michael;Pennington;54;5333360843811;2013;3.46;Special
Melissa;Marshall;69;7255704906211;1981;4.47;Minivan
Kimberly;Hooper;89;0436805296733;2012;1.19;Comfort+
Randy;Moore;58;8743598216024;2011;3.59;Minivan
Amy;Hunt;51;6437488345782;2013;2.38;Economy
Anna;Huffman;27;6608162381450;1999;2.32;Child
Sherri;Smith;69;2859245217896;1974;2.75;Child
Joseph;Young;65;9810977647907;1992;4.71;Economy
Keith;Jimenez;59;7888648574120;2008;3.54;Comfort
Christina;Armstrong;45;0635354902880;1976;2.76;Minivan
Jennifer;Nicholson;99;6327437586817;1978;3.35;Special
Meagan;Cooper;46;5810505390717;1976;3.19;Economy
Jonathon;Weaver;84;1730883752617;1990;4.71;Comfort
Sharon;Olson;51;8384396953886;2005;3.99;Child
William;Nunez;50;6171853232782;2023;2.62;Economy
Chad;Johnson;90;3512093063272;2021;2.57;Child
Amber;Simpson;87;8322378566807;1990;1.86;Minivan
Eric;Morales;49;5219085957545;2002;4.02;Child
Robert;Bowman;62;2680901752128;1988;3.47;Special
Dawn;Watkins;43;4203484874238;1970;1.83;Comfort+
Karla;Hansen;33;7051975944016;2014;2.55;Child
Marilyn;Martin;70;8463871219018;2015;4.32;Minivan
Allison;Wells;91;4885461039758;1970;1.13;Child
Ashley;Gutierrez;74;1386359098234;1987;4.9;Child
Madison;Johnson;28;8407767162828;1977;3.28;Economy
Charles;Brown;22;7010248650256;1995;4.97;Business
Angela;Peterson;85;4364643110911;1975;5.0;Comfort
Kelly;Cobb;29;9742793393712;1972;2.49;Economy
Larry;Hall;28;2241678630745;2007;2.81;Child
Mark;Thompson;34;9318056437759;1973;2.65;Comfort+
Joshua;Bradley;88;7356877091796;2009;3.52;Comfort+
Kimberly;Kelly;81;9821622087875;1985;2.01;Comfort
Christian;Martinez;65;7448131946751;1997;2.54;Child
Jeffrey;Mcgee;98;7884629140628;1970;1.2;Child
Tracy;Alexander;92;3789952812849;2018;4.71;Minivan
Christina;Stewart;45;7288978824302;1990;3.61;Comfort+
Tara;Moore;52;7150788634104;2002;2.92;Comfort
Maria;Harper;43;7993334751955;2022;1.37;Comfort
Stacy;Galloway;71;5208178599120;2014;4.15;Child
William;Wagner;77;4346879987381;1970;3.98;Comfort+
Linda;Nelson;79;3747445195174;2000;2.2;Minivan
Margaret;Taylor;29;0820789467604;1976;3.29;Child
Scott;Gomez;36;8745339919100;1987;3.32;Minivan
Ashley;Hanna;96;2338256850049;1986;4.22;Comfort
Kelsey;Gilmore;91;2796370146632;1982;3.4;Special
Robert;Edwards;79;5955576871669;1996;4.16;Special
Mark;Gonzalez;46;5533750370767;1973;1.16;Special
Kristin;King;22;6678693108417;1996;4.3;Comfort+
Steven;Carpenter;19;5547932735389;2009;2.18;Business
Marissa;Rodriguez;24;9870134997832;1994;2.37;Special
Anna;Duncan;24;1811558457276;1976;4.84;Child
James;Kennedy;94;5674307542257;1976;1.73;Child
Daniel;Meyer;41;3189970780743;1998;4.91;Special
George;Davenport;60;5708574954199;1999;4.41;Child
Yesenia;Williams;81;2899744975350;2003;1.09;Economy
Angela;Newman;32;5934432222384;1982;2.8;Child
Bryan;Allen;82;6296105762373;1984;2.13;Child
Cathy;Anderson;55;4159338794157;2009;3.47;Economy
Paul;Barajas;29;6990100662391;1970;1.22;Special
Sheila;Gonzalez;99;7723542121247;1998;2.54;Minivan
Brandon;Johnson;79;3832910104572;1989;1.76;Business
Samuel;Berry;53;9746375645547;1987;2.59;Minivan
Patricia;Choi;53;8149915429014;1986;2.35;Comfort
Travis;Aguirre;78;4893697236034;1974;2.98;Economy
Elizabeth;Black;44;3685428219546;2001;2.2;Child
Justin;Robinson;81;7362388016988;1999;1.57;Comfort+
Angela;Hanson;47;4384072655058;1986;2.74;Comfort+
Elizabeth;Mendoza;48;2803400436631;2018;4.13;Business
Stephanie;Reid;79;4189011875924;1973;1.97;Economy
Jason;Harris;30;3845915826594;2016;3.84;Business
Monique;Luna;64;7752575627619;1997;4.44;Special
Jason;Murphy;74;9966670062748;1991;3.24;Comfort
Matthew;Colon;37;2806014678734;1974;4.58;Special
Crystal;Bates;33;4700110699599;1988;2.79;Comfort+
Katrina;Smith;66;4674933924231;1978;3.83;Special
Julie;Todd;26;0817132269149;2003;4.53;Comfort
Joshua;Davila;88;6998818353397;1995;1.63;Comfort+
Brandon;Walter;47;1312841671535;2021;3.96;Special
Robin;Hamilton;38;0293519258273;1978;4.75;Minivan
Joseph;Jennings;21;3013887361251;2017;2.06;Minivan
Cassandra;Larsen;90;3855087688446;1978;3.21;Business
Lauren;Daugherty;90;4122955929283;2015;4.22;Comfort+
Lisa;Grimes;23;2282129885197;1976;4.24;Comfort
Andrew;Brown;57;2296908968537;1980;4.45;Business
Christopher;Tucker;60;4911134812878;1993;2.14;Business
Christopher;Hill;72;4084474261708;2022;1.43;Minivan
Ruben;Beard;52;9943632718578;1988;4.45;Comfort+
Travis;Henderson;27;9150101394600;1971;2.63;Business
Christopher;Simpson;36;8226634359181;2012;2.04;Comfort+
Keith;Perez;75;9957530603112;2020;1.01;Economy
John;Anderson;26;2409345465915;1978;2.07;Economy
Erin;Davis;43;3133514921590;1976;3.58;Comfort
Justin;Howe;94;1927175810356;1984;2.2;Comfort
Dustin;Perez;64;6039744153431;1974;4.67;Special
James;Randolph;62;3262115833232;2022;2.05;Comfort
Michael;Moore;51;7403918493538;1996;1.69;Child
Jack;Lee;19;5021142930747;2000;1.3;Special
Brittany;Jackson;72;8141778904178;1980;3.27;Special
Christopher;Robertson;39;0236721941940;1975;2.49;Special
Alexis;Smith;97;6572000940046;2004;2.07;Child
James;Wyatt;99;2904403344000;2006;2.24;Minivan
Erik;Stein;72;5199225574199;1988;4.99;Comfort+
Adrian;Smith;99;7701570311481;1995;1.08;Business
Lauren;Johnson;81;4416883997490;1976;3.78;Comfort
Donna;Mason;45;7303841307004;1971;1.01;Comfort
Brian;Green;67;5348228772583;2001;2.6;Business
Brian;Williams;89;2432959605496;1983;4.52;Economy
William;Moreno;59;3199832818504;2022;1.97;Minivan
Jerry;Hogan;32;2329922079508;2022;2.92;Comfort+
Maria;Washington;30;4278393527677;1993;3.01;Business
Thomas;Wilson;66;4797209425122;1973;4.42;Economy
Jacqueline;Bryant;29;7062596770309;1984;4.92;Minivan
Matthew;Stafford;92;7536228172118;2006;3.41;Comfort+
Jamie;Sanchez;40;3870193204950;1982;3.35;Business
Dennis;Steele;57;6898010056188;1976;3.16;Special
Michelle;Hill;33;8566137192264;1970;4.59;Economy
William;Williams;91;5786533416842;1989;1.38;Business
Manuel;Schmitt;72;6161948767313;1980;3.32;Economy
Leslie;Strickland;71;2148947480426;1985;2.63;Special
David;Gonzalez;77;5069946086233;2001;2.78;Comfort+
Michael;Lopez;37;0626869372318;1994;2.74;Business
Maria;Dixon;72;9027657889393;1977;1.36;Special
Raven;Barrett;79;3772429811116;1972;2.65;Comfort
Connor;Smith;79;7246497386470;2023;1.16;Business
Joshua;Orr;42;1319954307966;1986;2.78;Comfort
Jessica;Whitaker;81;2716607527721;2006;3.8;Comfort+
Erica;Rosales;73;9984330039719;2013;1.13;Business
Sheri;Jones;31;0997096993153;2006;1.88;Minivan
Joanna;Torres;29;5806663022126;1979;2.26;Comfort
Samantha;Hoffman;38;8295905232203;1973;3.17;Business
Amber;Dawson;85;0590750487875;1973;4.84;Comfort+
Theresa;Knapp;38;5231217655117;2007;2.55;Child
Pamela;Lambert;77;3777431189527;1983;2.14;Business
Diane;Hayes;23;7475122850849;2023;2.59;Special
Amber;Stark;90;0950083322713;1978;2.6;Business
Sarah;Craig;26;7163311631147;1981;1.81;Business
Kimberly;Dudley;88;0331836416014;1979;4.58;Child
Briana;Lopez;68;5515886206499;1998;2.59;Special
Gabriella;Morrison;67;2309339965455;1994;2.93;Business
Katherine;Bonilla;58;7413898505109;1987;4.39;Minivan
Douglas;Williamson;53;5160514868520;1977;1.06;Special
John;Huang;58;1923481749813;1983;1.46;Minivan
Emily;Ward;18;8257453292905;2003;3.26;Special
Joshua;Simpson;21;4752821040138;1972;2.81;Comfort+
Gregory;Bennett;82;5510950059578;1977;1.45;Comfort+
Randy;Parker;39;6539585551233;1996;4.06;Comfort
Francisco;Wilkerson;44;2363225738073;2012;4.42;Business
Benjamin;Johnson;72;2281318377638;1999;3.35;Child
Sherry;Bailey;97;1489321451540;1993;4.59;Special
Keith;Reid;19;5772630661409;2018;3.27;Child
Brandon;Le;74;0586606945261;1998;3.55;Business
Taylor;Drake;80;2642391392811;2020;1.31;Comfort
Johnny;Duke;62;2001993349093;2013;3.24;Business
Jeffrey;Christian;90;5702928022608;1986;1.47;Minivan
Alexander;Knight;59;2835157901727;2004;1.31;Child
Michael;Day;44;7412555043351;1992;3.92;Comfort+
Bryan;Smith;36;4751554537313;1975;1.34;Comfort+
Clarence;Watson;67;1080078796598;1993;4.4;Special
Jim;Lopez;98;1705359110929;1981;3.89;Comfort
Carol;Obrien;50;6011923987009;2014;1.34;Comfort+
